segment,instrument,year,month_label,month_date,calendar_quarter,financial_year,financial_quarter,monthly_turnover,monthly_volume,active_trading_days,turnover,volume,mom_turnover_change,mom_volume_change,source_logic
Capital Market,NA,1999,Apr-1999,1999-04-01,Q2-1999,FY 1999-00,Q1,35933.0,11758.0,20.0,1796.65,587.9,,,capital_market_year_table_trading_days
Capital Market,NA,1999,May-1999,1999-05-01,Q2-1999,FY 1999-00,Q1,50263.0,18831.0,21.0,2393.4761904761904,896.7142857142857,0.3321883452404142,0.525283697421816,capital_market_year_table_trading_days
Capital Market,NA,1999,Jun-1999,1999-06-01,Q2-1999,FY 1999-00,Q1,40473.0,19207.0,22.0,1839.6818181818185,873.0454545454545,-0.2313765954714564,-0.02639506423161031,capital_market_year_table_trading_days
Capital Market,NA,1999,Jul-1999,1999-07-01,Q3-1999,FY 1999-00,Q2,55455.0,23349.0,22.0,2520.681818181818,1061.3181818181818,0.3701727077310797,0.21565054407247364,capital_market_year_table_trading_days
Capital Market,NA,1999,Aug-1999,1999-08-01,Q3-1999,FY 1999-00,Q2,53699.0,22869.0,22.0,2440.8636363636365,1039.5,-0.03166531421873575,-0.02055762559424379,capital_market_year_table_trading_days
Capital Market,NA,1999,Sep-1999,1999-09-01,Q3-1999,FY 1999-00,Q2,55878.0,21857.0,21.0,2660.8571428571427,1040.809523809524,0.09012937192232884,0.0012597631645252516,capital_market_year_table_trading_days
Capital Market,NA,1999,Oct-1999,1999-10-01,Q4-1999,FY 1999-00,Q3,72216.0,26100.0,21.0,3438.8571428571427,1242.857142857143,0.2923869859336412,0.19412545180033836,capital_market_year_table_trading_days
Capital Market,NA,1999,Nov-1999,1999-11-01,Q4-1999,FY 1999-00,Q3,66331.0,18847.0,21.0,3158.619047619048,897.4761904761905,-0.08149163620250344,-0.27789272030651346,capital_market_year_table_trading_days
Capital Market,NA,1999,Dec-1999,1999-12-01,Q4-1999,FY 1999-00,Q3,98585.0,24034.0,22.0,4481.136363636364,1092.4545454545455,0.41870111465775617,0.2172518413830029,capital_market_year_table_trading_days
Capital Market,NA,2000,Jan-2000,2000-01-01,Q1-2000,FY 1999-00,Q4,85939.0,19417.0,20.0,4296.95,970.85,-0.04110260181569214,-0.1113131397187318,capital_market_year_table_trading_days
Capital Market,NA,2000,Feb-2000,2000-02-01,Q1-2000,FY 1999-00,Q4,118694.0,20249.0,21.0,5652.095238095239,964.2380952380952,0.315373750705789,-0.006810428760266607,capital_market_year_table_trading_days
Capital Market,NA,2000,Mar-2000,2000-03-01,Q1-2000,FY 1999-00,Q4,105584.0,16187.0,21.0,5027.809523809524,770.8095238095239,-0.11045208687886521,-0.20060249888883397,capital_market_year_table_trading_days
Capital Market,NA,2000,Apr-2000,2000-04-01,Q2-2000,FY 2000-01,Q1,57229.0,13390.0,18.0,3179.3888888888887,743.8888888888889,-0.3676393519220085,-0.034925145693045834,capital_market_year_table_trading_days
Capital Market,NA,2000,May-2000,2000-05-01,Q2-2000,FY 2000-01,Q1,79037.0,16477.0,22.0,3592.590909090909,748.9545454545455,0.12996271756690425,0.0068096951592098165,capital_market_year_table_trading_days
Capital Market,NA,2000,Jun-2000,2000-06-01,Q2-2000,FY 2000-01,Q1,119373.0,19607.0,22.0,5426.045454545455,891.2272727272727,0.5103432569556032,0.18996176488438432,capital_market_year_table_trading_days
Capital Market,NA,2000,Jul-2000,2000-07-01,Q3-2000,FY 2000-01,Q2,110056.0,19114.0,21.0,5240.761904761905,910.190476190476,-0.03414706923037958,0.021277629223770633,capital_market_year_table_trading_days
Capital Market,NA,2000,Aug-2000,2000-08-01,Q3-2000,FY 2000-01,Q2,125347.0,23456.0,22.0,5697.590909090909,1066.1818181818182,0.08716843326042278,0.17138318414869658,capital_market_year_table_trading_days
Capital Market,NA,2000,Sep-2000,2000-09-01,Q3-2000,FY 2000-01,Q2,142480.0,25946.0,20.0,7124.0,1297.3,0.25035302001643434,0.21677182810368345,capital_market_year_table_trading_days
Capital Market,NA,2000,Oct-2000,2000-10-01,Q4-2000,FY 2000-01,Q3,106854.0,24154.0,21.0,5088.285714285715,1150.190476190476,-0.28575439159380756,-0.113396688360074,capital_market_year_table_trading_days
Capital Market,NA,2000,Nov-2000,2000-11-01,Q4-2000,FY 2000-01,Q3,122731.0,31905.0,22.0,5578.681818181818,1450.2272727272727,0.09637747002281771,0.260858355852974,capital_market_year_table_trading_days
Capital Market,NA,2000,Dec-2000,2000-12-01,Q4-2000,FY 2000-01,Q3,131415.0,35790.0,20.0,6570.75,1789.5,0.17783200658350373,0.23394452280206868,capital_market_year_table_trading_days
Capital Market,NA,2001,Jan-2001,2001-01-01,Q1-2001,FY 2000-01,Q4,148830.0,42152.0,22.0,6765.0,1916.0,0.029562835292774814,0.07069013690975123,capital_market_year_table_trading_days
Capital Market,NA,2001,Feb-2001,2001-02-01,Q1-2001,FY 2000-01,Q4,135932.0,48268.0,20.0,6796.6,2413.4,0.004671101256467081,0.2596033402922757,capital_market_year_table_trading_days
Capital Market,NA,2001,Mar-2001,2001-03-01,Q1-2001,FY 2000-01,Q4,60226.0,29277.0,21.0,2867.904761904762,1394.142857142857,-0.5780383188793277,-0.4223324533260723,capital_market_year_table_trading_days
Capital Market,NA,2001,Apr-2001,2001-04-01,Q2-2001,FY 2001-02,Q1,35616.0,20782.0,19.0,1874.5263157894733,1093.7894736842106,-0.34637776655300134,-0.2154394593924096,capital_market_year_table_trading_days
Capital Market,NA,2001,May-2001,2001-05-01,Q2-2001,FY 2001-02,Q1,48329.0,25715.0,22.0,2196.7727272727275,1168.8636363636365,0.1719081822265789,0.06863675733370656,capital_market_year_table_trading_days
Capital Market,NA,2001,Jun-2001,2001-06-01,Q2-2001,FY 2001-02,Q1,42783.0,22336.0,21.0,2037.2857142857144,1063.6190476190477,-0.07260059768905391,-0.09004009147894043,capital_market_year_table_trading_days
Capital Market,NA,2001,Jul-2001,2001-07-01,Q3-2001,FY 2001-02,Q2,27228.0,13142.0,22.0,1237.6363636363635,597.3636363636364,-0.39250721930758403,-0.4383669249804637,capital_market_year_table_trading_days
Capital Market,NA,2001,Aug-2001,2001-08-01,Q3-2001,FY 2001-02,Q2,29417.0,15937.0,21.0,1400.809523809524,758.9047619047619,0.13184257102282704,0.2704234334123241,capital_market_year_table_trading_days
Capital Market,NA,2001,Sep-2001,2001-09-01,Q3-2001,FY 2001-02,Q2,35323.0,17342.0,20.0,1766.15,867.1,0.2608066764115986,0.14256760996423412,capital_market_year_table_trading_days
Capital Market,NA,2001,Oct-2001,2001-10-01,Q4-2001,FY 2001-02,Q3,35326.0,19799.0,21.0,1682.190476190476,942.809523809524,-0.047538161429960146,0.08731348611408607,capital_market_year_table_trading_days
Capital Market,NA,2001,Nov-2001,2001-11-01,Q4-2001,FY 2001-02,Q3,42132.0,25349.0,20.0,2106.6,1267.45,0.25229575949725436,0.3443330471235919,capital_market_year_table_trading_days
Capital Market,NA,2001,Dec-2001,2001-12-01,Q4-2001,FY 2001-02,Q3,54468.0,31777.0,19.0,2866.736842105264,1672.4736842105262,0.3608358692230438,0.3195579188216704,capital_market_year_table_trading_days
Capital Market,NA,2002,Jan-2002,2002-01-01,Q1-2002,FY 2001-02,Q4,68719.0,34384.0,23.0,2987.782608695652,1494.9565217391305,0.042224233774277975,-0.10614048169923274,capital_market_year_table_trading_days
Capital Market,NA,2002,Feb-2002,2002-02-01,Q1-2002,FY 2001-02,Q4,49564.0,28552.0,20.0,2478.2,1427.6,-0.17055545045766096,-0.04505583992554685,capital_market_year_table_trading_days
Capital Market,NA,2002,Mar-2002,2002-03-01,Q1-2002,FY 2001-02,Q4,44262.0,23294.0,19.0,2329.5789473684213,1226.0,-0.05997137141133835,-0.14121602689829083,capital_market_year_table_trading_days
Capital Market,NA,2002,Apr-2002,2002-04-01,Q2-2002,FY 2002-03,Q1,53320.0,28798.0,22.0,2423.6363636363635,1309.0,0.04037528600358997,0.06769983686786296,capital_market_year_table_trading_days
Capital Market,NA,2002,May-2002,2002-05-01,Q2-2002,FY 2002-03,Q1,54979.0,35303.0,22.0,2499.0454545454545,1604.6818181818182,0.031114028507126745,0.22588374192652272,capital_market_year_table_trading_days
Capital Market,NA,2002,Jun-2002,2002-06-01,Q2-2002,FY 2002-03,Q1,44241.0,38519.0,20.0,2212.05,1925.95,-0.11484203059349929,0.20020678129337455,capital_market_year_table_trading_days
Capital Market,NA,2002,Jul-2002,2002-07-01,Q3-2002,FY 2002-03,Q2,51398.0,36821.0,23.0,2234.695652173913,1600.9130434782608,0.010237405200566263,-0.16876707937471858,capital_market_year_table_trading_days
Capital Market,NA,2002,Aug-2002,2002-08-01,Q3-2002,FY 2002-03,Q2,46113.0,26000.0,21.0,2195.8571428571427,1238.095238095238,-0.017379775755588134,-0.22663180043479325,capital_market_year_table_trading_days
Capital Market,NA,2002,Sep-2002,2002-09-01,Q3-2002,FY 2002-03,Q2,46499.0,25581.0,20.0,2324.95,1279.05,0.058789278511482745,0.03307884615384604,capital_market_year_table_trading_days
Capital Market,NA,2002,Oct-2002,2002-10-01,Q4-2002,FY 2002-03,Q3,51902.0,26458.0,21.0,2471.5238095238096,1259.904761904762,0.06304385450173555,-0.01496832656677849,capital_market_year_table_trading_days
Capital Market,NA,2002,Nov-2002,2002-11-01,Q4-2002,FY 2002-03,Q3,51352.0,23631.0,19.0,2702.736842105264,1243.7368421052631,0.0935508012063222,-0.012832652346718376,capital_market_year_table_trading_days
Capital Market,NA,2002,Dec-2002,2002-12-01,Q4-2002,FY 2002-03,Q3,61973.0,33022.0,21.0,2951.095238095238,1572.4761904761904,0.0918914457822384,0.26431584016959153,capital_market_year_table_trading_days
Capital Market,NA,2003,Jan-2003,2003-01-01,Q1-2003,FY 2002-03,Q4,64762.0,36336.0,23.0,2815.7391304347825,1579.8260869565215,-0.04586639763880351,0.0046740907905926665,capital_market_year_table_trading_days
Capital Market,NA,2003,Feb-2003,2003-02-01,Q1-2003,FY 2002-03,Q4,48289.0,28681.0,19.0,2541.5263157894738,1509.5263157894738,-0.09738573139869211,-0.04449842406544746,capital_market_year_table_trading_days
Capital Market,NA,2003,Mar-2003,2003-03-01,Q1-2003,FY 2002-03,Q4,43160.0,24917.0,20.0,2158.0,1245.85,-0.15090393257263557,-0.17467487186639252,capital_market_year_table_trading_days
Capital Market,NA,2003,Apr-2003,2003-04-01,Q2-2003,FY 2003-04,Q1,48971.0,31448.0,20.0,2448.55,1572.4,0.13463855421686755,0.2621102058835334,capital_market_year_table_trading_days
Capital Market,NA,2003,May-2003,2003-05-01,Q2-2003,FY 2003-04,Q1,54690.0,44001.0,21.0,2604.285714285714,2095.285714285714,0.06360324040175369,0.3325398844350764,capital_market_year_table_trading_days
Capital Market,NA,2003,Jun-2003,2003-06-01,Q2-2003,FY 2003-04,Q1,61586.0,51896.0,21.0,2932.6666666666665,2471.2380952380954,0.12609252148473216,0.17942774027863018,capital_market_year_table_trading_days
Capital Market,NA,2003,Jul-2003,2003-07-01,Q3-2003,FY 2003-04,Q2,78878.0,64906.0,23.0,3429.478260869565,2822.0,0.16940609031696918,0.1419377215970401,capital_market_year_table_trading_days
Capital Market,NA,2003,Aug-2003,2003-08-01,Q3-2003,FY 2003-04,Q2,85347.0,84554.0,20.0,4267.35,4227.7,0.24431463779507623,0.49812189936215434,capital_market_year_table_trading_days
Capital Market,NA,2003,Sep-2003,2003-09-01,Q3-2003,FY 2003-04,Q2,103345.0,71848.0,22.0,4697.5,3265.818181818182,0.10080026245796558,-0.22751893894595587,capital_market_year_table_trading_days
Capital Market,NA,2003,Oct-2003,2003-10-01,Q4-2003,FY 2003-04,Q3,115595.0,71768.0,23.0,5025.869565217391,3120.3478260869565,0.06990304741189801,-0.04454331124160671,capital_market_year_table_trading_days
Capital Market,NA,2003,Nov-2003,2003-11-01,Q4-2003,FY 2003-04,Q3,92886.0,56716.0,20.0,4644.3,2835.8,-0.07592110385397288,-0.091191060082488,capital_market_year_table_trading_days
Capital Market,NA,2003,Dec-2003,2003-12-01,Q4-2003,FY 2003-04,Q3,110373.0,71754.0,22.0,5016.954545454545,3261.5454545454545,0.08023912009442657,0.15013239810475154,capital_market_year_table_trading_days
Capital Market,NA,2004,Jan-2004,2004-01-01,Q1-2004,FY 2003-04,Q4,134269.0,73340.0,21.0,6393.761904761905,3492.3809523809523,0.2744309016223343,0.07077488296653778,capital_market_year_table_trading_days
Capital Market,NA,2004,Feb-2004,2004-02-01,Q1-2004,FY 2003-04,Q4,108718.0,46484.0,19.0,5722.0,2446.5263157894738,-0.10506520492444271,-0.2994675125227849,capital_market_year_table_trading_days
Capital Market,NA,2004,Mar-2004,2004-03-01,Q1-2004,FY 2003-04,Q4,104877.0,44586.0,22.0,4767.136363636364,2026.636363636364,-0.1668758539607892,-0.17162699188772668,capital_market_year_table_trading_days
Capital Market,NA,2004,Apr-2004,2004-04-01,Q2-2004,FY 2004-05,Q1,100951.0,53686.0,20.0,5047.55,2684.3,0.058822239385184494,0.324509935854304,capital_market_year_table_trading_days
Capital Market,NA,2004,May-2004,2004-05-01,Q2-2004,FY 2004-05,Q1,98920.0,54651.0,21.0,4710.476190476191,2602.428571428572,-0.0667796870806251,-0.030500103778053234,capital_market_year_table_trading_days
Capital Market,NA,2004,Jun-2004,2004-06-01,Q2-2004,FY 2004-05,Q1,84898.0,41987.0,22.0,3859.0,1908.5,-0.18076223210675302,-0.2666465389471374,capital_market_year_table_trading_days
Capital Market,NA,2004,Jul-2004,2004-07-01,Q3-2004,FY 2004-05,Q2,93836.0,63058.0,22.0,4265.272727272727,2866.2727272727275,0.10527927630804013,0.5018458094172007,capital_market_year_table_trading_days
Capital Market,NA,2004,Aug-2004,2004-08-01,Q3-2004,FY 2004-05,Q2,86856.0,57543.0,22.0,3948.0,2615.590909090909,-0.07438509740398136,-0.087459164578642,capital_market_year_table_trading_days
Capital Market,NA,2004,Sep-2004,2004-09-01,Q3-2004,FY 2004-05,Q2,88508.0,62666.0,22.0,4023.090909090909,2848.454545454545,0.01901998710509356,0.08902907390994552,capital_market_year_table_trading_days
Capital Market,NA,2004,Oct-2004,2004-10-01,Q4-2004,FY 2004-05,Q3,75698.0,47274.0,20.0,3784.9,2363.7,-0.0592059474849731,-0.17018159767657093,capital_market_year_table_trading_days
Capital Market,NA,2004,Nov-2004,2004-11-01,Q4-2004,FY 2004-05,Q3,82035.0,62548.0,20.0,4101.75,3127.4,0.08371423287273116,0.32309514743833834,capital_market_year_table_trading_days
Capital Market,NA,2004,Dec-2004,2004-12-01,Q4-2004,FY 2004-05,Q3,115593.0,99326.0,23.0,5025.782608695652,4318.521739130435,0.22527765190361482,0.3808664510873041,capital_market_year_table_trading_days
Capital Market,NA,2005,Jan-2005,2005-01-01,Q1-2005,FY 2004-05,Q4,99732.0,81575.0,19.0,5249.052631578948,4293.421052631579,0.04442492647751872,-0.005812333019286853,capital_market_year_table_trading_days
Capital Market,NA,2005,Feb-2005,2005-02-01,Q1-2005,FY 2004-05,Q4,99989.0,89665.0,20.0,4999.45,4483.25,-0.047551939197048365,0.044213913576463426,capital_market_year_table_trading_days
Capital Market,NA,2005,Mar-2005,2005-03-01,Q1-2005,FY 2004-05,Q4,113055.0,83705.0,22.0,5138.863636363636,3804.772727272728,0.027885794710145406,-0.15133603362009085,capital_market_year_table_trading_days
Capital Market,NA,2005,Apr-2005,2005-04-01,Q2-2005,FY 2005-06,Q1,82718.0,51265.0,20.0,4135.9,2563.25,-0.1951722612887533,-0.32630667224180165,capital_market_year_table_trading_days
Capital Market,NA,2005,May-2005,2005-05-01,Q2-2005,FY 2005-06,Q1,86802.0,56516.0,22.0,3945.545454545456,2568.909090909091,-0.046024939059102876,0.00220777954124296,capital_market_year_table_trading_days
Capital Market,NA,2005,Jun-2005,2005-06-01,Q2-2005,FY 2005-06,Q1,111397.0,70485.0,23.0,4843.347826086957,3064.5652173913045,0.22754835342403412,0.19294420664252065,capital_market_year_table_trading_days
Capital Market,NA,2005,Jul-2005,2005-07-01,Q3-2005,FY 2005-06,Q2,123008.0,84134.0,20.0,6150.4,4206.7,0.2698654362325734,0.3726906433993047,capital_market_year_table_trading_days
Capital Market,NA,2005,Aug-2005,2005-08-01,Q3-2005,FY 2005-06,Q2,145731.0,100717.0,22.0,6624.136363636364,4578.045454545455,0.07702529325513208,0.0882747651473732,capital_market_year_table_trading_days
Capital Market,NA,2005,Sep-2005,2005-09-01,Q3-2005,FY 2005-06,Q2,145393.0,91996.0,21.0,6923.476190476191,4380.761904761905,0.04518926097039189,-0.043093401265308806,capital_market_year_table_trading_days
Capital Market,NA,2005,Oct-2005,2005-10-01,Q4-2005,FY 2005-06,Q3,120810.0,57670.0,20.0,6040.5,2883.5,-0.1275336501757306,-0.3417811643984521,capital_market_year_table_trading_days
Capital Market,NA,2005,Nov-2005,2005-11-01,Q4-2005,FY 2005-06,Q3,109578.0,53870.0,20.0,5478.9,2693.5,-0.09297243605661787,-0.06589214496271889,capital_market_year_table_trading_days
Capital Market,NA,2005,Dec-2005,2005-12-01,Q4-2005,FY 2005-06,Q3,149908.0,63699.0,22.0,6814.0,2895.409090909091,0.24368030079030478,0.07496160791130158,capital_market_year_table_trading_days
Capital Market,NA,2006,Jan-2006,2006-01-01,Q1-2006,FY 2005-06,Q4,149442.0,66717.0,20.0,7472.1,3335.85,0.09658056941590853,0.15211698770781323,capital_market_year_table_trading_days
Capital Market,NA,2006,Feb-2006,2006-02-01,Q1-2006,FY 2005-06,Q4,135374.0,61629.0,19.0,7124.9473684210525,3243.6315789473683,-0.04645984817908588,-0.02764465460156529,capital_market_year_table_trading_days
Capital Market,NA,2006,Mar-2006,2006-03-01,Q1-2006,FY 2005-06,Q4,209395.0,85788.0,22.0,9517.954545454546,3899.4545454545455,0.3358631374092247,0.2021878720024075,capital_market_year_table_trading_days
Capital Market,NA,2006,Apr-2006,2006-04-01,Q2-2006,FY 2006-07,Q1,177372.0,72892.0,18.0,9854.0,4049.555555555556,0.03530647818715815,0.03849282209892091,capital_market_year_table_trading_days
Capital Market,NA,2006,May-2006,2006-05-01,Q2-2006,FY 2006-07,Q1,201409.0,95371.0,22.0,9154.954545454546,4335.045454545455,-0.0709402734468697,0.07049906960733932,capital_market_year_table_trading_days
Capital Market,NA,2006,Jun-2006,2006-06-01,Q2-2006,FY 2006-07,Q1,151050.0,66748.0,23.0,6567.391304347826,2902.086956521739,-0.28264075242093367,-0.33055212754948304,capital_market_year_table_trading_days
Capital Market,NA,2006,Jul-2006,2006-07-01,Q3-2006,FY 2006-07,Q2,118698.0,46146.0,21.0,5652.285714285715,2197.428571428572,-0.13934080484229439,-0.24281091354262063,capital_market_year_table_trading_days
Capital Market,NA,2006,Aug-2006,2006-08-01,Q3-2006,FY 2006-07,Q2,130796.0,56442.0,22.0,5945.272727272727,2565.5454545454545,0.051835138525731406,0.16752166050046657,capital_market_year_table_trading_days
Capital Market,NA,2006,Sep-2006,2006-09-01,Q3-2006,FY 2006-07,Q2,144339.0,64385.0,21.0,6873.285714285715,3065.9523809523807,0.15609258474483712,0.19504894193955535,capital_market_year_table_trading_days
Capital Market,NA,2006,Oct-2006,2006-10-01,Q4-2006,FY 2006-07,Q3,138382.0,60823.0,20.0,6919.1,3041.15,0.006665558165152907,-0.008089617146850858,capital_market_year_table_trading_days
Capital Market,NA,2006,Nov-2006,2006-11-01,Q4-2006,FY 2006-07,Q3,189863.0,73071.0,22.0,8630.136363636364,3321.409090909091,0.2472917523429874,0.09215562892625839,capital_market_year_table_trading_days
Capital Market,NA,2006,Dec-2006,2006-12-01,Q4-2006,FY 2006-07,Q3,170105.0,58581.0,20.0,8505.25,2929.05,-0.014470960640040498,-0.11813031161473087,capital_market_year_table_trading_days
Capital Market,NA,2007,Jan-2007,2007-01-01,Q1-2007,FY 2006-07,Q4,175147.0,88354.0,20.0,8757.35,4417.7,0.029640516151788754,0.5082364589201276,capital_market_year_table_trading_days
Capital Market,NA,2007,Feb-2007,2007-02-01,Q1-2007,FY 2006-07,Q4,180170.0,89807.0,19.0,9482.631578947368,4726.684210526316,0.08281975471431058,0.06994232531097988,capital_market_year_table_trading_days
Capital Market,NA,2007,Mar-2007,2007-03-01,Q1-2007,FY 2006-07,Q4,167954.0,82836.0,21.0,7997.809523809524,3944.571428571429,-0.15658333267258173,-0.16546753434746575,capital_market_year_table_trading_days
Capital Market,NA,2007,Apr-2007,2007-04-01,Q2-2007,FY 2007-08,Q1,168567.0,77081.0,20.0,8428.35,3854.05,0.05383229932005196,-0.022948355787338892,capital_market_year_table_trading_days
Capital Market,NA,2007,May-2007,2007-05-01,Q2-2007,FY 2007-08,Q1,207585.0,97911.0,21.0,9885.0,4662.428571428572,0.17282742173735066,0.2097478163045552,capital_market_year_table_trading_days
Capital Market,NA,2007,Jun-2007,2007-06-01,Q2-2007,FY 2007-08,Q1,193648.0,79636.0,21.0,9221.333333333334,3792.190476190476,-0.06713876243466521,-0.18664909969257804,capital_market_year_table_trading_days
Capital Market,NA,2007,Jul-2007,2007-07-01,Q3-2007,FY 2007-08,Q2,267227.0,105315.0,22.0,12146.681818181818,4787.045454545455,0.3172370392765129,0.26234309289083524,capital_market_year_table_trading_days
Capital Market,NA,2007,Aug-2007,2007-08-01,Q3-2007,FY 2007-08,Q2,231241.0,106218.0,22.0,10510.954545454546,4828.090909090909,-0.13466453614342855,0.00857427716849446,capital_market_year_table_trading_days
Capital Market,NA,2007,Sep-2007,2007-09-01,Q3-2007,FY 2007-08,Q2,266050.0,143797.0,20.0,13302.5,7189.85,0.26558439031140657,0.4891703854337308,capital_market_year_table_trading_days
Capital Market,NA,2007,Oct-2007,2007-10-01,Q4-2007,FY 2007-08,Q3,455589.0,170945.0,22.0,20708.590909090908,7770.227272727273,0.5567442893509422,0.08072174978995017,capital_market_year_table_trading_days
Capital Market,NA,2007,Nov-2007,2007-11-01,Q4-2007,FY 2007-08,Q3,414420.0,170588.0,22.0,18837.272727272728,7754.0,-0.09036434154468165,-0.002088391002954215,capital_market_year_table_trading_days
Capital Market,NA,2007,Dec-2007,2007-12-01,Q4-2007,FY 2007-08,Q3,366385.0,163965.0,19.0,19283.42105263158,8629.736842105263,0.023684337526892474,0.11294001058876235,capital_market_year_table_trading_days
Capital Market,NA,2008,Jan-2008,2008-01-01,Q1-2008,FY 2007-08,Q4,447138.0,166821.0,23.0,19440.78260869565,7253.086956521739,0.008160458439120832,-0.15952397051862877,capital_market_year_table_trading_days
Capital Market,NA,2008,Feb-2008,2008-02-01,Q1-2008,FY 2007-08,Q4,280176.0,113588.0,21.0,13341.714285714286,5408.952380952381,-0.3137254526087502,-0.2542551311771014,capital_market_year_table_trading_days
Capital Market,NA,2008,Mar-2008,2008-03-01,Q1-2008,FY 2007-08,Q4,253012.0,102604.0,18.0,14056.222222222224,5700.222222222223,0.05355443245198277,0.053849585050063986,capital_market_year_table_trading_days
Capital Market,NA,2008,Apr-2008,2008-04-01,Q2-2008,FY 2008-09,Q1,271227.0,114280.0,20.0,13561.35,5714.0,-0.03520663051554884,0.0024170597637518387,capital_market_year_table_trading_days
Capital Market,NA,2008,May-2008,2008-05-01,Q2-2008,FY 2008-09,Q1,277923.0,115014.0,20.0,13896.15,5750.7,0.024687807629771408,0.006422821141057078,capital_market_year_table_trading_days
Capital Market,NA,2008,Jun-2008,2008-06-01,Q2-2008,FY 2008-09,Q1,264428.0,108548.0,21.0,12591.809523809525,5168.952380952381,-0.09386344247798672,-0.10116118369026716,capital_market_year_table_trading_days
Capital Market,NA,2008,Jul-2008,2008-07-01,Q3-2008,FY 2008-09,Q2,295816.0,134285.0,23.0,12861.565217391304,5838.478260869565,0.021423107860050195,0.1295283513124228,capital_market_year_table_trading_days
Capital Market,NA,2008,Aug-2008,2008-08-01,Q3-2008,FY 2008-09,Q2,234251.0,104352.0,20.0,11712.55,5217.6,-0.08933712172431518,-0.1063424805451092,capital_market_year_table_trading_days
Capital Market,NA,2008,Sep-2008,2008-09-01,Q3-2008,FY 2008-09,Q2,262261.0,102202.0,21.0,12488.619047619048,4866.761904761905,0.06625961448352813,-0.06724127860282425,capital_market_year_table_trading_days
Capital Market,NA,2008,Oct-2008,2008-10-01,Q4-2008,FY 2008-09,Q3,216198.0,109299.0,20.0,10809.9,5464.95,-0.13441990993704744,0.12291295669360669,capital_market_year_table_trading_days
Capital Market,NA,2008,Nov-2008,2008-11-01,Q4-2008,FY 2008-09,Q3,173123.0,106848.0,18.0,9617.944444444443,5936.0,-0.11026517873019692,0.086194750180697,capital_market_year_table_trading_days
Capital Market,NA,2008,Dec-2008,2008-12-01,Q4-2008,FY 2008-09,Q3,212956.0,144793.0,21.0,10140.761904761905,6894.9047619047615,0.05435854442052346,0.1615405596200743,capital_market_year_table_trading_days
Capital Market,NA,2009,Jan-2009,2009-01-01,Q1-2009,FY 2008-09,Q4,191184.0,145254.0,20.0,9559.2,7262.7,-0.05734893593042689,0.05334304835178494,capital_market_year_table_trading_days
Capital Market,NA,2009,Feb-2009,2009-02-01,Q1-2009,FY 2008-09,Q4,149857.0,111865.0,19.0,7887.210526315789,5887.631578947368,-0.1749089331412892,-0.18933295070051515,capital_market_year_table_trading_days
Capital Market,NA,2009,Mar-2009,2009-03-01,Q1-2009,FY 2008-09,Q4,202799.0,129614.0,20.0,10139.95,6480.7,0.2856192903901722,0.10073123854646227,capital_market_year_table_trading_days
Capital Market,NA,2009,Apr-2009,2009-04-01,Q2-2009,FY 2009-10,Q1,266696.0,183156.0,17.0,15688.0,10773.882352941177,0.5471476683810077,0.662456579218476,capital_market_year_table_trading_days
Capital Market,NA,2009,May-2009,2009-05-01,Q2-2009,FY 2009-10,Q1,382561.0,229028.0,20.0,19128.05,11451.4,0.21927906680265163,0.06288519076634125,capital_market_year_table_trading_days
Capital Market,NA,2009,Jun-2009,2009-06-01,Q2-2009,FY 2009-10,Q1,482414.0,274851.0,22.0,21927.90909090909,12493.227272727272,0.14637451757545006,0.09097815749404203,capital_market_year_table_trading_days
Capital Market,NA,2009,Jul-2009,2009-07-01,Q3-2009,FY 2009-10,Q2,426143.0,219356.0,23.0,18527.95652173913,9537.217391304348,-0.1550513801874306,-0.23660898956636267,capital_market_year_table_trading_days
Capital Market,NA,2009,Aug-2009,2009-08-01,Q3-2009,FY 2009-10,Q2,364969.0,194427.0,21.0,17379.47619047619,9258.42857142857,-0.06198634641199685,-0.029231672975176815,capital_market_year_table_trading_days
Capital Market,NA,2009,Sep-2009,2009-09-01,Q3-2009,FY 2009-10,Q2,365063.0,196512.0,20.0,18253.15,9825.6,0.050270433927265046,0.06126001018377081,capital_market_year_table_trading_days
Capital Market,NA,2009,Oct-2009,2009-10-01,Q4-2009,FY 2009-10,Q3,362969.0,168479.0,20.0,18148.45,8423.95,-0.005735996252701603,-0.14265286598273896,capital_market_year_table_trading_days
Capital Market,NA,2009,Nov-2009,2009-11-01,Q4-2009,FY 2009-10,Q3,324477.0,157401.0,20.0,16223.85,7870.05,-0.1060476239017657,-0.06575300185779831,capital_market_year_table_trading_days
Capital Market,NA,2009,Dec-2009,2009-12-01,Q4-2009,FY 2009-10,Q3,292900.0,150384.0,21.0,13947.619047619048,7161.142857142857,-0.14030152845230648,-0.0900765742094578,capital_market_year_table_trading_days
Capital Market,NA,2010,Jan-2010,2010-01-01,Q1-2010,FY 2009-10,Q4,338443.0,180424.0,19.0,17812.78947368421,9496.0,0.2771204470719304,0.3260453239706351,capital_market_year_table_trading_days
Capital Market,NA,2010,Feb-2010,2010-02-01,Q1-2010,FY 2009-10,Q4,245143.0,123541.0,20.0,12257.15,6177.05,-0.31189048081951765,-0.34951032013479355,capital_market_year_table_trading_days
Capital Market,NA,2010,Mar-2010,2010-03-01,Q1-2010,FY 2009-10,Q4,286246.0,137971.0,21.0,13630.761904761905,6570.047619047619,0.11206617400961116,0.06362221757110897,capital_market_year_table_trading_days
Capital Market,NA,2010,Apr-2010,2010-04-01,Q2-2010,FY 2010-11,Q1,276566.0,144060.0,20.0,13828.3,7203.0,0.014492080238675875,0.09633908574990402,capital_market_year_table_trading_days
Capital Market,NA,2010,May-2010,2010-05-01,Q2-2010,FY 2010-11,Q1,284625.0,139812.0,22.0,12937.5,6355.090909090909,-0.06441861978695862,-0.11771610313884362,capital_market_year_table_trading_days
Capital Market,NA,2010,Jun-2010,2010-06-01,Q2-2010,FY 2010-11,Q1,286109.0,143616.0,22.0,13004.954545454546,6528.0,0.005213877909530096,0.02720796498154665,capital_market_year_table_trading_days
Capital Market,NA,2010,Jul-2010,2010-07-01,Q3-2010,FY 2010-11,Q2,278551.0,139417.0,22.0,12661.40909090909,6337.136363636364,-0.02641650559751718,-0.029237689393939337,capital_market_year_table_trading_days
Capital Market,NA,2010,Aug-2010,2010-08-01,Q3-2010,FY 2010-11,Q2,311994.0,152467.0,22.0,14181.545454545454,6930.318181818182,0.12006059931574464,0.09360407984679053,capital_market_year_table_trading_days
Capital Market,NA,2010,Sep-2010,2010-09-01,Q3-2010,FY 2010-11,Q2,329869.0,173285.0,21.0,15708.047619047618,8251.666666666666,0.10764004313880271,0.19066202303886515,capital_market_year_table_trading_days
Capital Market,NA,2010,Oct-2010,2010-10-01,Q4-2010,FY 2010-11,Q3,360472.0,193248.0,21.0,17165.333333333332,9202.285714285714,0.09277319178219234,0.11520327783708928,capital_market_year_table_trading_days
Capital Market,NA,2010,Nov-2010,2010-11-01,Q4-2010,FY 2010-11,Q3,363993.0,188217.0,21.0,17333.0,8962.714285714286,0.009767748951375,-0.026033904619970127,capital_market_year_table_trading_days
Capital Market,NA,2010,Dec-2010,2010-12-01,Q4-2010,FY 2010-11,Q3,295685.0,151108.0,22.0,13440.227272727272,6868.545454545455,-0.2245873609457525,-0.23365341841887532,capital_market_year_table_trading_days
Capital Market,NA,2011,Jan-2011,2011-01-01,Q1-2011,FY 2010-11,Q4,267332.0,130217.0,20.0,13366.6,6510.85,-0.005478127060892457,-0.05207732218016259,capital_market_year_table_trading_days
Capital Market,NA,2011,Feb-2011,2011-02-01,Q1-2011,FY 2010-11,Q4,266504.0,141168.0,20.0,13325.2,7058.4,-0.0030972723055975315,0.0840980824316333,capital_market_year_table_trading_days
Capital Market,NA,2011,Mar-2011,2011-03-01,Q1-2011,FY 2010-11,Q4,255712.0,127900.0,22.0,11623.272727272728,5813.636363636364,-0.12772245615279865,-0.17635209627729165,capital_market_year_table_trading_days
Capital Market,NA,2011,Apr-2011,2011-04-01,Q2-2011,FY 2011-12,Q1,228348.0,129429.0,18.0,12686.0,7190.5,0.09143098485796508,0.23683346364347146,capital_market_year_table_trading_days
Capital Market,NA,2011,May-2011,2011-05-01,Q2-2011,FY 2011-12,Q1,233876.0,115857.0,22.0,10630.727272727272,5266.227272727273,-0.1620110931162485,-0.2676132017624264,capital_market_year_table_trading_days
Capital Market,NA,2011,Jun-2011,2011-06-01,Q2-2011,FY 2011-12,Q1,222457.0,122299.0,22.0,10111.681818181818,5559.045454545455,-0.048825018385811214,0.05560302787056459,capital_market_year_table_trading_days
Capital Market,NA,2011,Jul-2011,2011-07-01,Q3-2011,FY 2011-12,Q2,230003.0,122590.0,21.0,10952.52380952381,5837.619047619048,0.08315550335356403,0.050111767452056366,capital_market_year_table_trading_days
Capital Market,NA,2011,Aug-2011,2011-08-01,Q3-2011,FY 2011-12,Q2,235253.0,133110.0,21.0,11202.52380952381,6338.571428571428,0.022825789228836157,0.085814503629986,capital_market_year_table_trading_days
Capital Market,NA,2011,Sep-2011,2011-09-01,Q3-2011,FY 2011-12,Q2,235270.0,132298.0,21.0,11203.333333333334,6299.9047619047615,7.226262789439275e-05,-0.006100217864923763,capital_market_year_table_trading_days
Capital Market,NA,2011,Oct-2011,2011-10-01,Q4-2011,FY 2011-12,Q3,193293.0,101205.0,19.0,10173.315789473683,5326.578947368421,-0.091938489484646,-0.15449849661569448,capital_market_year_table_trading_days
Capital Market,NA,2011,Nov-2011,2011-11-01,Q4-2011,FY 2011-12,Q3,206344.0,123804.0,20.0,10317.2,6190.2,0.014143295411629175,0.162134281903068,capital_market_year_table_trading_days
Capital Market,NA,2011,Dec-2011,2011-12-01,Q4-2011,FY 2011-12,Q3,188886.0,115115.0,21.0,8994.57142857143,5481.666666666667,-0.128196465264662,-0.11446049131422775,capital_market_year_table_trading_days
Capital Market,NA,2012,Jan-2012,2012-01-01,Q1-2012,FY 2011-12,Q4,236872.0,148303.0,22.0,10766.90909090909,6741.045454545455,0.19704525962268704,0.22974377401254875,capital_market_year_table_trading_days
Capital Market,NA,2012,Feb-2012,2012-02-01,Q1-2012,FY 2011-12,Q4,327808.0,207991.0,20.0,16390.4,10399.55,0.5222938971258742,0.5427206462445127,capital_market_year_table_trading_days
Capital Market,NA,2012,Mar-2012,2012-03-01,Q1-2012,FY 2011-12,Q4,272482.0,164978.0,22.0,12385.545454545454,7499.0,-0.24434147705086806,-0.2789111067305796,capital_market_year_table_trading_days
Capital Market,NA,2012,Apr-2012,2012-04-01,Q2-2012,FY 2012-13,Q1,198324.0,116755.0,20.0,9916.2,5837.75,-0.19937316960386364,-0.22152953727163627,capital_market_year_table_trading_days
Capital Market,NA,2012,May-2012,2012-05-01,Q2-2012,FY 2012-13,Q1,216755.0,129997.0,22.0,9852.5,5908.954545454545,-0.006423831709727601,0.012197258439389236,capital_market_year_table_trading_days
Capital Market,NA,2012,Jun-2012,2012-06-01,Q2-2012,FY 2012-13,Q1,202104.0,125022.0,21.0,9624.0,5953.428571428572,-0.02319208322760724,0.007526547315927168,capital_market_year_table_trading_days
Capital Market,NA,2012,Jul-2012,2012-07-01,Q3-2012,FY 2012-13,Q2,210325.0,138197.0,22.0,9560.227272727272,6281.681818181818,-0.006626426358346649,0.05513684137046426,capital_market_year_table_trading_days
Capital Market,NA,2012,Aug-2012,2012-08-01,Q3-2012,FY 2012-13,Q2,204874.0,121847.0,21.0,9755.90476190476,5802.238095238095,0.02046787001975381,-0.07632410186011196,capital_market_year_table_trading_days
Capital Market,NA,2012,Sep-2012,2012-09-01,Q3-2012,FY 2012-13,Q2,240189.0,143798.0,20.0,12009.45,7189.9,0.23099295176547563,0.23915976593596877,capital_market_year_table_trading_days
Capital Market,NA,2012,Oct-2012,2012-10-01,Q4-2012,FY 2012-13,Q3,239795.0,147247.0,21.0,11418.809523809525,7011.761904761905,-0.0491813094013861,-0.024776157559645462,capital_market_year_table_trading_days
Capital Market,NA,2012,Nov-2012,2012-11-01,Q4-2012,FY 2012-13,Q3,220933.0,134788.0,21.0,10520.619047619048,6418.476190476191,-0.078658854438166,-0.08461292929567321,capital_market_year_table_trading_days
Capital Market,NA,2012,Dec-2012,2012-12-01,Q4-2012,FY 2012-13,Q3,240325.0,153442.0,20.0,12016.25,7672.1,0.1421618771301707,0.1953148648247618,capital_market_year_table_trading_days
Capital Market,NA,2013,Jan-2013,2013-01-01,Q1-2013,FY 2012-13,Q4,295415.0,179404.0,23.0,12844.130434782608,7800.173913043478,0.06889673856507716,0.016693462421433214,capital_market_year_table_trading_days
Capital Market,NA,2013,Feb-2013,2013-02-01,Q1-2013,FY 2012-13,Q4,226642.0,139273.0,20.0,11332.1,6963.65,-0.11772151041754808,-0.10724426434193224,capital_market_year_table_trading_days
Capital Market,NA,2013,Mar-2013,2013-03-01,Q1-2013,FY 2012-13,Q4,212598.0,129388.0,19.0,11189.368421052632,6809.894736842105,-0.01259533351694464,-0.022079694292202356,capital_market_year_table_trading_days
Capital Market,NA,2013,Apr-2013,2013-04-01,Q2-2013,FY 2013-14,Q1,210799.0,118048.0,20.0,10539.95,5902.4,-0.05803888089257658,-0.13326119887470245,capital_market_year_table_trading_days
Capital Market,NA,2013,May-2013,2013-05-01,Q2-2013,FY 2013-14,Q1,244392.0,128785.0,23.0,10625.739130434782,5599.347826086957,0.00813942480133023,-0.051343889589496206,capital_market_year_table_trading_days
Capital Market,NA,2013,Jun-2013,2013-06-01,Q2-2013,FY 2013-14,Q1,207944.0,115633.0,20.0,10397.2,5781.65,-0.021508069003895236,0.032557751290910986,capital_market_year_table_trading_days
Capital Market,NA,2013,Jul-2013,2013-07-01,Q3-2013,FY 2013-14,Q2,243390.0,132750.0,23.0,10582.173913043478,5771.739130434783,0.017790742992678465,-0.0017141939697520314,capital_market_year_table_trading_days
Capital Market,NA,2013,Aug-2013,2013-08-01,Q3-2013,FY 2013-14,Q2,250758.0,138455.0,20.0,12537.9,6922.75,0.18481326266485887,0.1994218455743879,capital_market_year_table_trading_days
Capital Market,NA,2013,Sep-2013,2013-09-01,Q3-2013,FY 2013-14,Q2,243576.0,130649.0,20.0,12178.8,6532.45,-0.028641160002871313,-0.05637932902387055,capital_market_year_table_trading_days
Capital Market,NA,2013,Oct-2013,2013-10-01,Q4-2013,FY 2013-14,Q3,237908.0,131348.0,21.0,11328.952380952382,6254.666666666667,-0.0697808995178193,-0.04252360650802267,capital_market_year_table_trading_days
Capital Market,NA,2013,Nov-2013,2013-11-01,Q4-2013,FY 2013-14,Q3,217782.0,122332.0,20.0,10889.1,6116.6,-0.038825512382937966,-0.022074184608825376,capital_market_year_table_trading_days
Capital Market,NA,2013,Dec-2013,2013-12-01,Q4-2013,FY 2013-14,Q3,230817.0,133961.0,21.0,10991.285714285714,6379.095238095239,0.009384220393394704,0.04291522056293351,capital_market_year_table_trading_days
Capital Market,NA,2014,Jan-2014,2014-01-01,Q1-2014,FY 2013-14,Q4,255630.0,140708.0,23.0,11114.347826086956,6117.739130434783,0.011196334532664887,-0.0409707173048095,capital_market_year_table_trading_days
Capital Market,NA,2014,Feb-2014,2014-02-01,Q1-2014,FY 2013-14,Q4,188751.0,96369.0,19.0,9934.263157894737,5072.052631578948,-0.10617669040574673,-0.17092695137223324,capital_market_year_table_trading_days
Capital Market,NA,2014,Mar-2014,2014-03-01,Q1-2014,FY 2013-14,Q4,276741.0,144678.0,21.0,13178.142857142857,6889.428571428572,0.3265345046421704,0.3583117273930707,capital_market_year_table_trading_days
Capital Market,NA,2014,Apr-2014,2014-04-01,Q2-2014,FY 2014-15,Q1,272703.0,162762.0,18.0,15150.166666666666,9042.333333333334,0.1496435295095413,0.31249395208670294,capital_market_year_table_trading_days
Capital Market,NA,2014,May-2014,2014-05-01,Q2-2014,FY 2014-15,Q1,436022.0,267896.0,21.0,20762.95238095238,12756.952380952382,0.37047682958068995,0.4108031534212093,capital_market_year_table_trading_days
Capital Market,NA,2014,Jun-2014,2014-06-01,Q2-2014,FY 2014-15,Q1,421688.0,265607.0,21.0,20080.38095238096,12647.952380952382,-0.03287448798455084,-0.008544360498103698,capital_market_year_table_trading_days
Capital Market,NA,2014,Jul-2014,2014-07-01,Q3-2014,FY 2014-15,Q2,391428.0,215580.0,22.0,17792.18181818182,9799.09090909091,-0.11395197828295311,-0.22524289988249901,capital_market_year_table_trading_days
Capital Market,NA,2014,Aug-2014,2014-08-01,Q3-2014,FY 2014-15,Q2,294758.0,154647.0,19.0,15513.578947368422,8139.315789473684,-0.12806764758242828,-0.16938052060292685,capital_market_year_table_trading_days
Capital Market,NA,2014,Sep-2014,2014-09-01,Q3-2014,FY 2014-15,Q2,383261.0,226512.0,22.0,17420.954545454544,10296.0,0.12294877955351957,0.26497119245766165,capital_market_year_table_trading_days
Capital Market,NA,2014,Oct-2014,2014-10-01,Q4-2014,FY 2014-15,Q3,271191.0,135771.0,18.0,15066.166666666666,7542.833333333333,-0.13516985378980206,-0.26740157990158,capital_market_year_table_trading_days
Capital Market,NA,2014,Nov-2014,2014-11-01,Q4-2014,FY 2014-15,Q3,329638.0,171279.0,18.0,18313.222222222223,9515.5,0.21551968907522756,0.2615286033099853,capital_market_year_table_trading_days
Capital Market,NA,2014,Dec-2014,2014-12-01,Q4-2014,FY 2014-15,Q3,354473.0,177522.0,22.0,16112.40909090909,8069.181818181818,-0.12017618224730275,-0.15199602562326542,capital_market_year_table_trading_days
Capital Market,NA,2015,Jan-2015,2015-01-01,Q1-2015,FY 2014-15,Q4,383872.0,190136.0,21.0,18279.61904761905,9054.09523809524,0.13450564372355323,0.12205864759351126,capital_market_year_table_trading_days
Capital Market,NA,2015,Feb-2015,2015-02-01,Q1-2015,FY 2014-15,Q4,392718.0,204018.0,20.0,19635.9,10200.9,0.07419634669889952,0.12666144233601173,capital_market_year_table_trading_days
Capital Market,NA,2015,Mar-2015,2015-03-01,Q1-2015,FY 2014-15,Q4,397903.0,190047.0,21.0,18947.761904761905,9049.857142857143,-0.035044897113862716,-0.11283738269592458,capital_market_year_table_trading_days
Capital Market,NA,2015,Apr-2015,2015-04-01,Q2-2015,FY 2015-16,Q1,379349.0,162663.0,19.0,19965.736842105263,8561.21052631579,0.053725339301816,-0.05399495360288986,capital_market_year_table_trading_days
Capital Market,NA,2015,May-2015,2015-05-01,Q2-2015,FY 2015-16,Q1,361935.0,152936.0,20.0,18096.75,7646.8,-0.09360971031952103,-0.1068085551108734,capital_market_year_table_trading_days
Capital Market,NA,2015,Jun-2015,2015-06-01,Q2-2015,FY 2015-16,Q1,333289.0,177774.0,22.0,15149.5,8080.636363636364,-0.16286073466230122,0.056734367792588225,capital_market_year_table_trading_days
Capital Market,NA,2015,Jul-2015,2015-07-01,Q3-2015,FY 2015-16,Q2,383484.0,196777.0,23.0,16673.217391304348,8555.521739130434,0.10057872479648489,0.058768314044064685,capital_market_year_table_trading_days
Capital Market,NA,2015,Aug-2015,2015-08-01,Q3-2015,FY 2015-16,Q2,419932.0,215821.0,21.0,19996.761904761905,10277.190476190475,0.19933432375150928,0.20123480362227775,capital_market_year_table_trading_days
Capital Market,NA,2015,Sep-2015,2015-09-01,Q3-2015,FY 2015-16,Q2,328412.0,164107.0,20.0,16420.6,8205.35,-0.17883704980806425,-0.20159599853582355,capital_market_year_table_trading_days
Capital Market,NA,2015,Oct-2015,2015-10-01,Q4-2015,FY 2015-16,Q3,333801.0,179060.0,20.0,16690.05,8953.0,0.016409266409266543,0.09111738073330211,capital_market_year_table_trading_days
Capital Market,NA,2015,Nov-2015,2015-11-01,Q4-2015,FY 2015-16,Q3,307150.0,163708.0,19.0,16165.78947368421,8616.21052631579,-0.03141156115864174,-0.037617499573797564,capital_market_year_table_trading_days
Capital Market,NA,2015,Dec-2015,2015-12-01,Q4-2015,FY 2015-16,Q3,334954.0,198467.0,22.0,15225.181818181818,9021.227272727272,-0.058185073920056785,0.04700636610195086,capital_market_year_table_trading_days
Capital Market,NA,2016,Jan-2016,2016-01-01,Q1-2016,FY 2015-16,Q4,352084.0,209339.0,20.0,17604.2,10466.95,0.15625548582790483,0.16025787662432567,capital_market_year_table_trading_days
Capital Market,NA,2016,Feb-2016,2016-02-01,Q1-2016,FY 2015-16,Q4,345646.0,195172.0,21.0,16459.333333333332,9293.90476190476,-0.06503372301306898,-0.11207135202664009,capital_market_year_table_trading_days
Capital Market,NA,2016,Mar-2016,2016-03-01,Q1-2016,FY 2015-16,Q4,356947.0,185947.0,20.0,17847.35,9297.35,0.0843300660213051,0.00037069866579253485,capital_market_year_table_trading_days
Capital Market,NA,2016,Apr-2016,2016-04-01,Q2-2016,FY 2016-17,Q1,309480.0,162828.0,18.0,17193.333333333332,9046.0,-0.03664502946749326,-0.027034585123718036,capital_market_year_table_trading_days
Capital Market,NA,2016,May-2016,2016-05-01,Q2-2016,FY 2016-17,Q1,387648.0,193800.0,22.0,17620.363636363636,8809.09090909091,0.024836969931968156,-0.02618937551504419,capital_market_year_table_trading_days
Capital Market,NA,2016,Jun-2016,2016-06-01,Q2-2016,FY 2016-17,Q1,383484.0,233470.0,22.0,17431.090909090908,10612.272727272728,-0.010741703813769266,0.20469556243550047,capital_market_year_table_trading_days
Capital Market,NA,2016,Jul-2016,2016-07-01,Q3-2016,FY 2016-17,Q2,407332.0,250654.0,20.0,20366.6,12532.7,0.16840650457385453,0.18096286460787248,capital_market_year_table_trading_days
Capital Market,NA,2016,Aug-2016,2016-08-01,Q3-2016,FY 2016-17,Q2,470626.0,227672.0,22.0,21392.090909090908,10348.727272727272,0.050351600615267555,-0.1742619489234346,capital_market_year_table_trading_days
Capital Market,NA,2016,Sep-2016,2016-09-01,Q3-2016,FY 2016-17,Q2,458920.0,232057.0,20.0,22946.0,11602.85,0.07263942068648999,0.12118618011876747,capital_market_year_table_trading_days
Capital Market,NA,2016,Oct-2016,2016-10-01,Q4-2016,FY 2016-17,Q3,385163.0,198964.0,19.0,20271.736842105263,10471.78947368421,-0.1165459408129843,-0.09748126764681009,capital_market_year_table_trading_days
Capital Market,NA,2016,Nov-2016,2016-11-01,Q4-2016,FY 2016-17,Q3,472856.0,215904.0,21.0,22516.95238095238,10281.142857142857,0.11075595329274934,-0.01820573427497285,capital_market_year_table_trading_days
Capital Market,NA,2016,Dec-2016,2016-12-01,Q4-2016,FY 2016-17,Q3,342747.0,169203.0,22.0,15579.40909090909,7691.045454545455,-0.3081031203810656,-0.25192699280488295,capital_market_year_table_trading_days
Capital Market,NA,2017,Jan-2017,2017-01-01,Q1-2017,FY 2016-17,Q4,405119.0,215817.0,21.0,19291.38095238096,10277.0,0.2382614025866927,0.3362292630745316,capital_market_year_table_trading_days
Capital Market,NA,2017,Feb-2017,2017-02-01,Q1-2017,FY 2016-17,Q4,476300.0,254553.0,19.0,25068.42105263158,13397.526315789471,0.29946223728154675,0.3036417549663786,capital_market_year_table_trading_days
Capital Market,NA,2017,Mar-2017,2017-03-01,Q1-2017,FY 2016-17,Q4,556240.0,269610.0,22.0,25283.636363636364,12255.0,0.008585116332334497,-0.08527890066115884,capital_market_year_table_trading_days
Capital Market,NA,2017,Apr-2017,2017-04-01,Q2-2017,FY 2017-18,Q1,472110.0,249260.0,18.0,26228.33333333333,13847.777777777776,0.03736396759192662,0.1299696269096513,capital_market_year_table_trading_days
Capital Market,NA,2017,May-2017,2017-05-01,Q2-2017,FY 2017-18,Q1,588502.0,295182.0,22.0,26750.090909090908,13417.363636363636,0.019892898611841403,-0.031081820370113533,capital_market_year_table_trading_days
Capital Market,NA,2017,Jun-2017,2017-06-01,Q2-2017,FY 2017-18,Q1,486305.0,254139.0,21.0,23157.38095238096,12101.857142857143,-0.13430645783297057,-0.09804508017813707,capital_market_year_table_trading_days
Capital Market,NA,2017,Jul-2017,2017-07-01,Q3-2017,FY 2017-18,Q2,543944.0,317988.0,21.0,25902.09523809524,15142.285714285714,0.11852438284615596,0.2512365280417408,capital_market_year_table_trading_days
Capital Market,NA,2017,Aug-2017,2017-08-01,Q3-2017,FY 2017-18,Q2,553829.0,280390.0,21.0,26372.809523809523,13351.90476190476,0.018172826614504256,-0.11823716618237179,capital_market_year_table_trading_days
Capital Market,NA,2017,Sep-2017,2017-09-01,Q3-2017,FY 2017-18,Q2,600092.0,296603.0,21.0,28575.809523809523,14123.952380952382,0.0835330038694253,0.05782303220514318,capital_market_year_table_trading_days
Capital Market,NA,2017,Oct-2017,2017-10-01,Q4-2017,FY 2017-18,Q3,607452.0,290190.0,20.0,30372.6,14509.5,0.06287802536944342,0.027297431246480874,capital_market_year_table_trading_days
Capital Market,NA,2017,Nov-2017,2017-11-01,Q4-2017,FY 2017-18,Q3,735187.0,363846.0,22.0,33417.59090909091,16538.454545454544,0.10025453563708453,0.13983628281157467,capital_market_year_table_trading_days
Capital Market,NA,2017,Dec-2017,2017-12-01,Q4-2017,FY 2017-18,Q3,598032.0,348526.0,20.0,29901.6,17426.3,-0.10521377554282119,0.05368370134617395,capital_market_year_table_trading_days
Capital Market,NA,2018,Jan-2018,2018-01-01,Q1-2018,FY 2017-18,Q4,814839.0,466955.0,22.0,37038.13636363636,21225.227272727272,0.23866737444271746,0.2179996483893467,capital_market_year_table_trading_days
Capital Market,NA,2018,Feb-2018,2018-02-01,Q1-2018,FY 2017-18,Q4,639683.0,303453.0,19.0,33667.52631578947,15971.21052631579,-0.091003770134507,-0.24753641875780885,capital_market_year_table_trading_days
Capital Market,NA,2018,Mar-2018,2018-03-01,Q1-2018,FY 2017-18,Q4,594852.0,305304.0,19.0,31308.0,16068.631578947368,-0.07008315056051195,0.00609979140097483,capital_market_year_table_trading_days
Capital Market,NA,2018,Apr-2018,2018-04-01,Q2-2018,FY 2018-19,Q1,641440.0,298453.0,21.0,30544.761904761905,14212.047619047618,-0.024378372787725033,-0.11554088789565564,capital_market_year_table_trading_days
Capital Market,NA,2018,May-2018,2018-05-01,Q2-2018,FY 2018-19,Q1,700013.0,342155.0,22.0,31818.772727272728,15552.5,0.04170963343839995,0.0943180333251803,capital_market_year_table_trading_days
Capital Market,NA,2018,Jun-2018,2018-06-01,Q2-2018,FY 2018-19,Q1,591696.0,280206.0,21.0,28176.0,13343.142857142857,-0.11448501670683264,-0.14205800629205223,capital_market_year_table_trading_days
Capital Market,NA,2018,Jul-2018,2018-07-01,Q3-2018,FY 2018-19,Q2,662867.0,313396.0,22.0,30130.31818181818,14245.272727272728,0.0693610939032574,0.06760999861789996,capital_market_year_table_trading_days
Capital Market,NA,2018,Aug-2018,2018-08-01,Q3-2018,FY 2018-19,Q2,705869.0,329845.0,21.0,33612.80952380953,15706.90476190476,0.11558096801290407,0.10260470702212121,capital_market_year_table_trading_days
Capital Market,NA,2018,Sep-2018,2018-09-01,Q3-2018,FY 2018-19,Q2,688319.0,303804.0,18.0,38239.944444444445,16878.0,0.1376598679547243,0.07455926268398816,capital_market_year_table_trading_days
Capital Market,NA,2018,Oct-2018,2018-10-01,Q4-2018,FY 2018-19,Q3,745584.0,330716.0,21.0,35504.0,15748.380952380952,-0.0715467682862162,-0.06692848960890196,capital_market_year_table_trading_days
Capital Market,NA,2018,Nov-2018,2018-11-01,Q4-2018,FY 2018-19,Q3,610914.0,282182.0,20.0,30545.7,14109.1,-0.13965468679585402,-0.10409203062446326,capital_market_year_table_trading_days
Capital Market,NA,2018,Dec-2018,2018-12-01,Q4-2018,FY 2018-19,Q3,599917.0,287797.0,20.0,29995.85,14389.85,-0.018000897016601458,0.019898505220035334,capital_market_year_table_trading_days
Capital Market,NA,2019,Jan-2019,2019-01-01,Q1-2019,FY 2018-19,Q4,665889.0,281350.0,23.0,28951.695652173912,12232.608695652174,-0.03480996030537842,-0.14991409252687316,capital_market_year_table_trading_days
Capital Market,NA,2019,Feb-2019,2019-02-01,Q1-2019,FY 2018-19,Q4,639270.0,347011.0,20.0,31963.5,17350.55,0.10402859936115472,0.41838510751732705,capital_market_year_table_trading_days
Capital Market,NA,2019,Mar-2019,2019-03-01,Q1-2019,FY 2018-19,Q4,697224.0,353062.0,19.0,36696.0,18582.21052631579,0.14805950537331647,0.0709868290236213,capital_market_year_table_trading_days
Capital Market,NA,2019,Apr-2019,2019-04-01,Q2-2019,FY 2019-20,Q1,640115.0,308636.0,19.0,33690.26315789474,16244.0,-0.08190911385723942,-0.12583059066113034,capital_market_year_table_trading_days
Capital Market,NA,2019,May-2019,2019-05-01,Q2-2019,FY 2019-20,Q1,788184.0,372712.0,22.0,35826.545454545456,16941.454545454544,0.06340948678966063,0.04293613306171773,capital_market_year_table_trading_days
Capital Market,NA,2019,Jun-2019,2019-06-01,Q2-2019,FY 2019-20,Q1,596030.0,302572.0,19.0,31370.0,15924.842105263158,-0.12439227388528573,-0.06000738823598517,capital_market_year_table_trading_days
Capital Market,NA,2019,Jul-2019,2019-07-01,Q3-2019,FY 2019-20,Q2,712821.0,335053.0,23.0,30992.217391304348,14567.521739130434,-0.012042799129603154,-0.0852328931841736,capital_market_year_table_trading_days
Capital Market,NA,2019,Aug-2019,2019-08-01,Q3-2019,FY 2019-20,Q2,673633.0,334019.0,20.0,33681.65,16700.95,0.08677767630302702,0.14645100924331378,capital_market_year_table_trading_days
Capital Market,NA,2019,Sep-2019,2019-09-01,Q3-2019,FY 2019-20,Q2,710498.0,346963.0,19.0,37394.63157894737,18261.21052631579,0.11023752039901158,0.09342345952270925,capital_market_year_table_trading_days
Capital Market,NA,2019,Oct-2019,2019-10-01,Q4-2019,FY 2019-20,Q3,752931.0,408051.0,20.0,37646.55,20402.55,0.006736753657293981,0.11726163884909901,capital_market_year_table_trading_days
Capital Market,NA,2019,Nov-2019,2019-11-01,Q4-2019,FY 2019-20,Q3,834252.0,483353.0,20.0,41712.6,24167.65,0.10800591289241623,0.1845406579079576,capital_market_year_table_trading_days
Capital Market,NA,2019,Dec-2019,2019-12-01,Q4-2019,FY 2019-20,Q3,681983.0,391115.0,21.0,32475.38095238096,18624.52380952381,-0.2214491316201589,-0.2293614062797248,capital_market_year_table_trading_days
Capital Market,NA,2020,Jan-2020,2020-01-01,Q1-2020,FY 2019-20,Q4,805347.0,407694.0,23.0,35015.086956521736,17725.82608695652,0.07820404040416884,-0.04825346042446099,capital_market_year_table_trading_days
Capital Market,NA,2020,Feb-2020,2020-02-01,Q1-2020,FY 2019-20,Q4,796768.0,395475.0,20.0,39838.4,19773.75,0.13774956633600177,0.11553334118235736,capital_market_year_table_trading_days
Capital Market,NA,2020,Mar-2020,2020-03-01,Q1-2020,FY 2019-20,Q4,1006249.0,588414.0,21.0,47916.619047619046,28019.714285714286,0.2027746859215993,0.4170157044422169,capital_market_year_table_trading_days
Capital Market,NA,2020,Apr-2020,2020-04-01,Q2-2020,FY 2020-21,Q1,905802.0,427308.0,18.0,50322.333333333336,23739.33333333333,0.05020626107454529,-0.15276319054271337,capital_market_year_table_trading_days
Capital Market,NA,2020,May-2020,2020-05-01,Q2-2020,FY 2020-21,Q1,1000456.0,493359.0,19.0,52655.57894736842,25966.263157894737,0.04636600609474417,0.0938075974287993,capital_market_year_table_trading_days
Capital Market,NA,2020,Jun-2020,2020-06-01,Q2-2020,FY 2020-21,Q1,1350681.0,845760.0,22.0,61394.59090909091,38443.63636363636,0.16596554698330301,0.4805224814163538,capital_market_year_table_trading_days
Capital Market,NA,2020,Jul-2020,2020-07-01,Q3-2020,FY 2020-21,Q2,1348521.0,667758.0,23.0,58631.34782608696,29032.95652173913,-0.04500792402209475,-0.24479161525933968,capital_market_year_table_trading_days
Capital Market,NA,2020,Aug-2020,2020-08-01,Q3-2020,FY 2020-21,Q2,1282557.0,659450.0,21.0,61074.142857142855,31402.38095238096,0.04166363424394981,0.08161154475837384,capital_market_year_table_trading_days
Capital Market,NA,2020,Sep-2020,2020-09-01,Q3-2020,FY 2020-21,Q2,1223329.0,574786.0,22.0,55605.86363636364,26126.636363636364,-0.08953509562254425,-0.1680046043879544,capital_market_year_table_trading_days
Capital Market,NA,2020,Oct-2020,2020-10-01,Q4-2020,FY 2020-21,Q3,1098884.0,418798.0,21.0,52327.80952380953,19942.761904761905,-0.05895159068099465,-0.2366885033651448,capital_market_year_table_trading_days
Capital Market,NA,2020,Nov-2020,2020-11-01,Q4-2020,FY 2020-21,Q3,1337272.0,530520.0,20.0,66863.6,26526.0,0.27778327830781047,0.330106638522629,capital_market_year_table_trading_days
Capital Market,NA,2020,Dec-2020,2020-12-01,Q4-2020,FY 2020-21,Q3,1374552.0,739170.0,22.0,62479.63636363636,33598.63636363636,-0.06556577325127044,0.2666303386728628,capital_market_year_table_trading_days
Capital Market,NA,2021,Jan-2021,2021-01-01,Q1-2021,FY 2020-21,Q4,1449445.0,710574.0,20.0,72472.25,35528.7,0.15993392756330804,0.05744470148950853,capital_market_year_table_trading_days
Capital Market,NA,2021,Feb-2021,2021-02-01,Q1-2021,FY 2020-21,Q4,1627464.0,716614.0,20.0,81373.2,35830.7,0.12281873406717736,0.00850017028486838,capital_market_year_table_trading_days
Capital Market,NA,2021,Mar-2021,2021-03-01,Q1-2021,FY 2020-21,Q4,1398947.0,645482.0,21.0,66616.52380952382,30737.23809523809,-0.18134565422616022,-0.14215356955800207,capital_market_year_table_trading_days
Capital Market,NA,2021,Apr-2021,2021-04-01,Q2-2021,FY 2021-22,Q1,1330687.0,500847.0,19.0,70036.15789473684,26360.36842105263,0.05133312111857946,-0.14239632268273117,capital_market_year_table_trading_days
Capital Market,NA,2021,May-2021,2021-05-01,Q2-2021,FY 2021-22,Q1,1567915.0,754338.0,20.0,78395.75,37716.9,0.11936108942223078,0.430818393641172,capital_market_year_table_trading_days
Capital Market,NA,2021,Jun-2021,2021-06-01,Q2-2021,FY 2021-22,Q1,1554694.0,864175.0,22.0,70667.90909090909,39280.681818181816,-0.09857474300699864,0.041461037841970416,capital_market_year_table_trading_days
Capital Market,NA,2021,Jul-2021,2021-07-01,Q3-2021,FY 2021-22,Q2,1315716.0,631590.0,21.0,62653.142857142855,30075.714285714286,-0.11341450931363806,-0.2343382830031946,capital_market_year_table_trading_days
Capital Market,NA,2021,Aug-2021,2021-08-01,Q3-2021,FY 2021-22,Q2,1321391.0,561918.0,21.0,62923.38095238096,26758.0,0.004313240851369304,-0.11031206953878314,capital_market_year_table_trading_days
Capital Market,NA,2021,Sep-2021,2021-09-01,Q3-2021,FY 2021-22,Q2,1439017.0,672136.0,21.0,68524.61904761905,32006.47619047619,0.08901680123445654,0.1961460568979816,capital_market_year_table_trading_days
Capital Market,NA,2021,Oct-2021,2021-10-01,Q4-2021,FY 2021-22,Q3,1627217.0,664262.0,20.0,81360.85,33213.1,0.18732290862442902,0.03769936441434463,capital_market_year_table_trading_days
Capital Market,NA,2021,Nov-2021,2021-11-01,Q4-2021,FY 2021-22,Q3,1339630.0,488238.0,20.0,66981.5,24411.9,-0.17673549379093267,-0.2649918255146312,capital_market_year_table_trading_days
Capital Market,NA,2021,Dec-2021,2021-12-01,Q4-2021,FY 2021-22,Q3,1232735.0,668874.0,23.0,53597.17391304348,29081.478260869564,-0.1998212355196065,0.19128286863658972,capital_market_year_table_trading_days
Capital Market,NA,2022,Jan-2022,2022-01-01,Q1-2022,FY 2021-22,Q4,1283551.0,711168.0,20.0,64177.55,35558.4,0.19740548455264118,0.22271638604580235,capital_market_year_table_trading_days
Capital Market,NA,2022,Feb-2022,2022-02-01,Q1-2022,FY 2021-22,Q4,1168843.0,540330.0,20.0,58442.15,27016.5,-0.08936769945253442,-0.24022171976241902,capital_market_year_table_trading_days
Capital Market,NA,2022,Mar-2022,2022-03-01,Q1-2022,FY 2021-22,Q4,1384861.0,552376.0,21.0,65945.76190476191,26303.61904761905,0.1283938374060829,-0.026386872925099447,capital_market_year_table_trading_days
Capital Market,NA,2022,Apr-2022,2022-04-01,Q2-2022,FY 2022-23,Q1,1292243.0,552762.0,19.0,68012.78947368421,29092.736842105263,0.03134435798781854,0.10603551509155085,capital_market_year_table_trading_days
Capital Market,NA,2022,May-2022,2022-05-01,Q2-2022,FY 2022-23,Q1,1211220.0,465864.0,21.0,57677.142857142855,22184.0,-0.1519662213022518,-0.23747290877448157,capital_market_year_table_trading_days
Capital Market,NA,2022,Jun-2022,2022-06-01,Q2-2022,FY 2022-23,Q1,981367.0,397015.0,22.0,44607.59090909091,18046.136363636364,-0.2265984634575806,-0.18652468609644957,capital_market_year_table_trading_days
Capital Market,NA,2022,Jul-2022,2022-07-01,Q3-2022,FY 2022-23,Q2,978642.0,377430.0,21.0,46602.0,17972.85714285714,0.04471008297609358,-0.004060659816739642,capital_market_year_table_trading_days
Capital Market,NA,2022,Aug-2022,2022-08-01,Q3-2022,FY 2022-23,Q2,1159065.0,545846.0,20.0,57953.25,27292.3,0.24357860177674784,0.518528733804944,capital_market_year_table_trading_days
Capital Market,NA,2022,Sep-2022,2022-09-01,Q3-2022,FY 2022-23,Q2,1353967.0,626058.0,22.0,61543.954545454544,28457.18181818182,0.061958639859792886,0.04268170209846067,capital_market_year_table_trading_days
Capital Market,NA,2022,Oct-2022,2022-10-01,Q4-2022,FY 2022-23,Q3,912411.0,419437.0,19.0,48021.63157894737,22075.63157894737,-0.21971813586531863,-0.22425095640205517,capital_market_year_table_trading_days
Capital Market,NA,2022,Nov-2022,2022-11-01,Q4-2022,FY 2022-23,Q3,1201108.0,594705.0,21.0,57195.619047619046,28319.28571428572,0.19103864585670483,0.28283014748681845,capital_market_year_table_trading_days
Capital Market,NA,2022,Dec-2022,2022-12-01,Q4-2022,FY 2022-23,Q3,1160846.0,870449.0,22.0,52765.72727272727,39565.86363636364,-0.07745159242360156,0.3971349431459905,capital_market_year_table_trading_days
Capital Market,NA,2023,Jan-2023,2023-01-01,Q1-2023,FY 2022-23,Q4,1020626.0,516847.0,21.0,48601.23809523809,24611.761904761905,-0.07892413111193208,-0.3779546396115546,capital_market_year_table_trading_days
Capital Market,NA,2023,Feb-2023,2023-02-01,Q1-2023,FY 2022-23,Q4,1004997.0,435648.0,20.0,50249.85,21782.4,0.03392119150403783,-0.11495974630790151,capital_market_year_table_trading_days
Capital Market,NA,2023,Mar-2023,2023-03-01,Q1-2023,FY 2022-23,Q4,1028583.0,474785.0,21.0,48980.142857142855,22608.809523809523,-0.025267879264458393,0.037939323665414415,capital_market_year_table_trading_days
Capital Market,NA,2023,Apr-2023,2023-04-01,Q2-2023,FY 2023-24,Q1,879339.0,379590.0,17.0,51725.82352941176,22328.82352941177,0.056057016417388805,-0.012383933532762903,capital_market_year_table_trading_days
Capital Market,NA,2023,May-2023,2023-05-01,Q2-2023,FY 2023-24,Q1,1321442.0,573218.0,22.0,60065.545454545456,26055.36363636364,0.1612293697052818,0.16689370588841057,capital_market_year_table_trading_days
Capital Market,NA,2023,Jun-2023,2023-06-01,Q2-2023,FY 2023-24,Q1,1309016.0,633949.0,21.0,62334.09523809524,30188.04761904762,0.03776790448471834,0.15861164097960545,capital_market_year_table_trading_days
Capital Market,NA,2023,Jul-2023,2023-07-01,Q3-2023,FY 2023-24,Q2,1526432.0,709116.0,21.0,72687.23809523809,33767.42857142857,0.16609117077254965,0.11856947483157176,capital_market_year_table_trading_days
Capital Market,NA,2023,Aug-2023,2023-08-01,Q3-2023,FY 2023-24,Q2,1684493.0,878585.0,22.0,76567.86363636363,39935.681818181816,0.0533879900078329,0.1826687286449864,capital_market_year_table_trading_days
Capital Market,NA,2023,Sep-2023,2023-09-01,Q3-2023,FY 2023-24,Q2,1670807.0,1029197.0,20.0,83540.35,51459.85,0.09106283018095063,0.28856820910896497,capital_market_year_table_trading_days
Capital Market,NA,2023,Oct-2023,2023-10-01,Q4-2023,FY 2023-24,Q3,1343519.0,739182.0,20.0,67175.95,36959.1,-0.1958861795527551,-0.28178764609690854,capital_market_year_table_trading_days
Capital Market,NA,2023,Nov-2023,2023-11-01,Q4-2023,FY 2023-24,Q3,1482906.0,835464.0,21.0,70614.57142857143,39784.0,0.05118828135026665,0.07643313825282538,capital_market_year_table_trading_days
Capital Market,NA,2023,Dec-2023,2023-12-01,Q4-2023,FY 2023-24,Q3,2079594.0,1035836.0,20.0,103979.7,51791.8,0.4724963686167565,0.30182485421274885,capital_market_year_table_trading_days
Capital Market,NA,2024,Jan-2024,2024-01-01,Q1-2024,FY 2023-24,Q4,2491181.0,1363916.0,22.0,113235.5,61996.181818181816,0.08901545205458383,0.19702697759455767,capital_market_year_table_trading_days
Capital Market,NA,2024,Feb-2024,2024-02-01,Q1-2024,FY 2023-24,Q4,2457671.0,1264581.0,21.0,117031.95238095238,60218.142857142855,0.03352705097740882,-0.028679813964245016,capital_market_year_table_trading_days
Capital Market,NA,2024,Mar-2024,2024-03-01,Q1-2024,FY 2023-24,Q4,1857039.0,737226.0,19.0,97738.8947368421,38801.36842105263,-0.16485290770258332,-0.35565318722793926,capital_market_year_table_trading_days
Capital Market,NA,2024,Apr-2024,2024-04-01,Q2-2024,FY 2024-25,Q1,2120196.0,990584.0,20.0,106009.8,49529.2,0.08462245542500724,0.2764807535274121,capital_market_year_table_trading_days
Capital Market,NA,2024,May-2024,2024-05-01,Q2-2024,FY 2024-25,Q1,2467941.0,924888.0,22.0,112179.13636363635,42040.36363636364,0.058195906073177595,-0.1512004305265653,capital_market_year_table_trading_days
Capital Market,NA,2024,Jun-2024,2024-06-01,Q2-2024,FY 2024-25,Q1,2905226.0,1157608.0,19.0,152906.63157894736,60926.73684210526,0.36305766415681817,0.4492438117115971,capital_market_year_table_trading_days
Capital Market,NA,2024,Jul-2024,2024-07-01,Q3-2024,FY 2024-25,Q2,3061577.0,1185107.0,22.0,139162.5909090909,53868.5,-0.08988518370938181,-0.11584793816214123,capital_market_year_table_trading_days
Capital Market,NA,2024,Aug-2024,2024-08-01,Q3-2024,FY 2024-25,Q2,2638157.0,1005099.0,21.0,125626.52380952382,47861.857142857145,-0.09726800148762427,-0.11150566392498129,capital_market_year_table_trading_days
Capital Market,NA,2024,Sep-2024,2024-09-01,Q3-2024,FY 2024-25,Q2,2559376.0,969744.0,21.0,121875.04761904762,46178.28571428572,-0.029862134816085684,-0.03517563941462476,capital_market_year_table_trading_days
Capital Market,NA,2024,Oct-2024,2024-10-01,Q4-2024,FY 2024-25,Q3,2353098.0,784389.0,22.0,106959.0,35654.045454545456,-0.1223880352085821,-0.22790452475554934,capital_market_year_table_trading_days
Capital Market,NA,2024,Nov-2024,2024-11-01,Q4-2024,FY 2024-25,Q3,1916210.0,636974.0,19.0,100853.15789473684,33524.94736842105,-0.057085818914379916,-0.05971547012354439,capital_market_year_table_trading_days
Capital Market,NA,2024,Dec-2024,2024-12-01,Q4-2024,FY 2024-25,Q3,2185830.0,712546.0,21.0,104087.14285714286,33930.76190476191,0.032066273678623025,0.012104852302411429,capital_market_year_table_trading_days
Capital Market,NA,2025,Jan-2025,2025-01-01,Q1-2025,FY 2024-25,Q4,2211851.0,758031.0,23.0,96167.43478260867,32957.86956521739,-0.07608728472260784,-0.028672870425817898,capital_market_year_table_trading_days
Capital Market,NA,2025,Feb-2025,2025-02-01,Q1-2025,FY 2024-25,Q4,1833226.0,599544.0,20.0,91661.3,29977.2,-0.04685717980099002,-0.09043878152740459,capital_market_year_table_trading_days
Capital Market,NA,2025,Mar-2025,2025-03-01,Q1-2025,FY 2024-25,Q4,1875160.0,703480.0,19.0,98692.63157894736,37025.26315789474,0.07670992642420904,0.23511412533174347,capital_market_year_table_trading_days
Capital Market,NA,2025,Apr-2025,2025-04-01,Q2-2025,FY 2025-26,Q1,1906257.0,713833.0,19.0,100329.31578947368,37570.15789473684,0.01658365152840302,0.014716836299539349,capital_market_year_table_trading_days
Capital Market,NA,2025,May-2025,2025-05-01,Q2-2025,FY 2025-26,Q1,2332568.0,840144.0,21.0,111074.66666666669,40006.857142857145,0.10710080889757623,0.06485730656089839,capital_market_year_table_trading_days
Capital Market,NA,2025,Jun-2025,2025-06-01,Q2-2025,FY 2025-26,Q1,2382248.0,993790.0,21.0,113440.38095238096,47323.333333333336,0.021298414451368597,0.18288055380982304,capital_market_year_table_trading_days
Capital Market,NA,2025,Jul-2025,2025-07-01,Q3-2025,FY 2025-26,Q2,2184895.0,902630.0,23.0,94995.43478260867,39244.782608695656,-0.1625959470068683,-0.17070967228226408,capital_market_year_table_trading_days
Capital Market,NA,2025,Aug-2025,2025-08-01,Q3-2025,FY 2025-26,Q2,1777362.0,677281.0,19.0,93545.36842105264,35646.36842105263,-0.015264589976080711,-0.09169153065573876,capital_market_year_table_trading_days
Capital Market,NA,2025,Sep-2025,2025-09-01,Q3-2025,FY 2025-26,Q2,2162875.0,950600.0,22.0,98312.5,43209.09090909091,0.050960637169017886,0.21215969039841265,capital_market_year_table_trading_days
Capital Market,NA,2025,Oct-2025,2025-10-01,Q4-2025,FY 2025-26,Q3,2073539.0,926088.0,21.0,98739.95238095238,44099.42857142857,0.004347894529712626,0.02060533197078529,capital_market_year_table_trading_days
Capital Market,NA,2025,Nov-2025,2025-11-01,Q4-2025,FY 2025-26,Q3,1986953.0,842917.0,19.0,104576.47368421052,44364.05263157895,0.05911002752705441,0.006000623335101984,capital_market_year_table_trading_days
Capital Market,NA,2025,Dec-2025,2025-12-01,Q4-2025,FY 2025-26,Q3,2078923.0,1030030.0,22.0,94496.5,46819.545454545456,-0.09638854064489688,0.05534870412669779,capital_market_year_table_trading_days
Capital Market,NA,2026,Jan-2026,2026-01-01,Q1-2026,FY 2025-26,Q4,2391197.0,1196963.0,20.0,119559.85,59848.15,0.26523045827094127,0.27827276875430806,capital_market_year_table_trading_days
Capital Market,NA,2026,Feb-2026,2026-02-01,Q1-2026,FY 2025-26,Q4,2407596.0,1033046.0,21.0,114647.42857142857,49192.66666666666,-0.04108755095102112,-0.17804198347540134,capital_market_year_table_trading_days
Capital Market,NA,2026,Mar-2026,2026-03-01,Q1-2026,FY 2025-26,Q4,2378206.0,1021700.0,19.0,125168.73684210528,53773.68421052631,0.0917709921781773,0.09312399295002627,capital_market_year_table_trading_days
Capital Market,NA,2026,Apr-2026,2026-04-01,Q2-2026,FY 2026-27,Q1,2694182.0,1065312.0,20.0,134709.1,53265.6,0.07622001626436048,-0.009448566115297985,capital_market_year_table_trading_days
Currency Derivatives,Futures,2008,Aug-2008,2008-08-01,Q3-2008,FY 2008-09,Q2,291.05,65798.0,1.0,291.05,65798.0,,,daily_table_sum_divide_by_active_days
Currency Derivatives,Futures,2008,Sep-2008,2008-09-01,Q3-2008,FY 2008-09,Q2,5471.96,1192301.0,21.0,260.5695238095238,56776.23809523809,-0.10472591029196432,-0.1371130111061416,daily_table_sum_divide_by_active_days
Currency Derivatives,Futures,2008,Oct-2008,2008-10-01,Q4-2008,FY 2008-09,Q3,11141.95,2275261.0,20.0,557.0975,113763.05,1.1379994554053758,1.0037088369463754,daily_table_sum_divide_by_active_days
Currency Derivatives,Futures,2008,Nov-2008,2008-11-01,Q4-2008,FY 2008-09,Q3,15968.999999999998,3233679.0,18.0,887.1666666666665,179648.83333333334,0.5924800715613812,0.5791492346006313,daily_table_sum_divide_by_active_days
Currency Derivatives,Futures,2008,Dec-2008,2008-12-01,Q4-2008,FY 2008-09,Q3,22840.000000000004,4681593.0,21.0,1087.6190476190477,222933.0,0.22594670030326647,0.24093764408897722,daily_table_sum_divide_by_active_days
Currency Derivatives,Futures,2009,Jan-2009,2009-01-01,Q1-2009,FY 2008-09,Q4,23979.87,4900904.0,20.0,1198.9935,245045.2,0.10240207968476356,0.09918764830689053,daily_table_sum_divide_by_active_days
Currency Derivatives,Futures,2009,Feb-2009,2009-02-01,Q1-2009,FY 2008-09,Q4,31761.41,6416059.0,19.0,1671.6531578947368,337687.3157894737,0.3942136949822803,0.3780613363961982,daily_table_sum_divide_by_active_days
Currency Derivatives,Futures,2009,Mar-2009,2009-03-01,Q1-2009,FY 2008-09,Q4,50817.23,9907173.0,19.0,2674.591052631579,521430.15789473685,0.5999676966482281,0.5441212432741032,daily_table_sum_divide_by_active_days
Currency Derivatives,Futures,2009,Apr-2009,2009-04-01,Q2-2009,FY 2009-10,Q1,39385.72,7851502.0,16.0,2461.6075,490718.875,-0.07963219364770568,-0.05889817155711319,daily_table_sum_divide_by_active_days
Currency Derivatives,Futures,2009,May-2009,2009-05-01,Q2-2009,FY 2009-10,Q1,66431.45999999999,13682468.0,20.0,3321.5729999999994,684123.4,0.3493511861659502,0.39412489482904034,daily_table_sum_divide_by_active_days
Currency Derivatives,Futures,2009,Jun-2009,2009-06-01,Q2-2009,FY 2009-10,Q1,75362.68,15724507.0,22.0,3425.576363636363,714750.3181818182,0.03131147912039367,0.044768119584592814,daily_table_sum_divide_by_active_days
Currency Derivatives,Futures,2009,Jul-2009,2009-07-01,Q3-2009,FY 2009-10,Q2,96522.95,19888011.0,23.0,4196.65,864696.1304347826,0.2250931097460973,0.20978768171016204,daily_table_sum_divide_by_active_days
Currency Derivatives,Futures,2009,Aug-2009,2009-08-01,Q3-2009,FY 2009-10,Q2,90395.72,18672623.0,20.0,4519.786,933631.15,0.0769985583739412,0.07972167000511021,daily_table_sum_divide_by_active_days
Currency Derivatives,Futures,2009,Sep-2009,2009-09-01,Q3-2009,FY 2009-10,Q2,107788.83,22251896.0,19.0,5673.096315789473,1171152.4210526317,0.255169230532037,0.2544058979315671,daily_table_sum_divide_by_active_days
Currency Derivatives,Futures,2009,Oct-2009,2009-10-01,Q4-2009,FY 2009-10,Q3,150842.99,32267958.0,20.0,7542.149499999999,1613397.9,0.3294590960863013,0.37761564677454884,daily_table_sum_divide_by_active_days
Currency Derivatives,Futures,2009,Nov-2009,2009-11-01,Q4-2009,FY 2009-10,Q3,157554.13,33794926.0,20.0,7877.7065,1689746.3,0.044490897455692346,0.047321494592251545,daily_table_sum_divide_by_active_days
Currency Derivatives,Futures,2009,Dec-2009,2009-12-01,Q4-2009,FY 2009-10,Q3,191414.71,41004341.0,21.0,9114.98619047619,1952587.6666666667,0.15706090224054292,0.1555507869238517,daily_table_sum_divide_by_active_days
Currency Derivatives,Futures,2010,Jan-2010,2010-01-01,Q1-2010,FY 2009-10,Q4,276741.91000000003,60223714.0,20.0,13837.0955,3011185.7,0.5180599521322056,0.5421513468537393,daily_table_sum_divide_by_active_days
Currency Derivatives,Futures,2010,Feb-2010,2010-02-01,Q1-2010,FY 2009-10,Q4,246875.18,52112185.0,19.0,12993.430526315788,2742746.5789473685,-0.06097124744742943,-0.0891473153092589,daily_table_sum_divide_by_active_days
Currency Derivatives,Futures,2010,Mar-2010,2010-03-01,Q1-2010,FY 2009-10,Q4,283291.76,61132852.0,20.0,14164.588,3056642.6,0.09013458542085928,0.11444587096088954,daily_table_sum_divide_by_active_days
Currency Derivatives,Futures,2010,Apr-2010,2010-04-01,Q2-2010,FY 2010-11,Q1,345932.16000000003,77085167.0,19.0,18206.955789473686,4057114.052631579,0.2853854831127942,0.32731057685042364,daily_table_sum_divide_by_active_days
Currency Derivatives,Futures,2010,May-2010,2010-05-01,Q2-2010,FY 2010-11,Q1,359679.84,77744870.0,20.0,17983.992,3887243.5,-0.012246077381183884,-0.0418697996723546,daily_table_sum_divide_by_active_days
Currency Derivatives,Futures,2010,Jun-2010,2010-06-01,Q2-2010,FY 2010-11,Q1,327382.48999999993,69837533.0,22.0,14881.02227272727,3174433.3181818184,-0.17254065322497525,-0.18337163129044565,daily_table_sum_divide_by_active_days
Currency Derivatives,Futures,2010,Jul-2010,2010-07-01,Q3-2010,FY 2010-11,Q2,213353.42,44924854.0,22.0,9697.882727272729,2042038.818181818,-0.34830534155934834,-0.3567233539019772,daily_table_sum_divide_by_active_days
Currency Derivatives,Futures,2010,Aug-2010,2010-08-01,Q3-2010,FY 2010-11,Q2,201239.12,42639638.0,21.0,9582.815238095238,2030458.9523809524,-0.011865217637030634,-0.005670737352180155,daily_table_sum_divide_by_active_days
Currency Derivatives,Futures,2010,Sep-2010,2010-09-01,Q3-2010,FY 2010-11,Q2,284704.05000000005,61586474.0,20.0,14235.202500000005,3079323.7,0.4854927436573968,0.5165653540492066,daily_table_sum_divide_by_active_days
Currency Derivatives,Futures,2010,Oct-2010,2010-10-01,Q4-2010,FY 2010-11,Q3,304213.49000000005,67793862.0,21.0,14486.356666666668,3228279.1428571427,0.01764317484536404,0.04837277836595821,daily_table_sum_divide_by_active_days
Currency Derivatives,Futures,2010,Nov-2010,2010-11-01,Q4-2010,FY 2010-11,Q3,253101.04,55396711.0,21.0,12052.430476190477,2637938.619047619,-0.16801506731341864,-0.18286538979000788,daily_table_sum_divide_by_active_days
Currency Derivatives,Futures,2010,Dec-2010,2010-12-01,Q4-2010,FY 2010-11,Q3,223555.39000000004,48871422.0,22.0,10161.60863636364,2221428.272727273,-0.1568830323113788,-0.1578923570521591,daily_table_sum_divide_by_active_days
Currency Derivatives,Futures,2011,Jan-2011,2011-01-01,Q1-2011,FY 2010-11,Q4,252560.9,54712810.0,20.0,12628.045,2735640.5,0.2427210545001841,0.23147820417421028,daily_table_sum_divide_by_active_days
Currency Derivatives,Futures,2011,Feb-2011,2011-02-01,Q1-2011,FY 2010-11,Q4,218253.00000000003,47294577.0,19.0,11487.000000000002,2489188.263157895,-0.09035800870205946,-0.0900894093511575,daily_table_sum_divide_by_active_days
Currency Derivatives,Futures,2011,Mar-2011,2011-03-01,Q1-2011,FY 2010-11,Q4,295027.13,64294010.0,22.0,13410.324090909093,2922455.0,0.16743484729773583,0.17405944871861312,daily_table_sum_divide_by_active_days
Currency Derivatives,Futures,2011,Apr-2011,2011-04-01,Q2-2011,FY 2011-12,Q1,251159.1,55564072.0,16.0,15697.44375,3472754.5,0.17054917118978152,0.1883004186548638,daily_table_sum_divide_by_active_days
Currency Derivatives,Futures,2011,May-2011,2011-05-01,Q2-2011,FY 2011-12,Q1,329792.32,71874854.0,21.0,15704.39619047619,3422612.095238095,0.000442902716322191,-0.014438799161272331,daily_table_sum_divide_by_active_days
Currency Derivatives,Futures,2011,Jun-2011,2011-06-01,Q2-2011,FY 2011-12,Q1,329895.86,71692233.0,22.0,14995.266363636363,3258737.863636364,-0.04515486098535093,-0.0478798727526647,daily_table_sum_divide_by_active_days
Currency Derivatives,Futures,2011,Jul-2011,2011-07-01,Q3-2011,FY 2011-12,Q2,389733.95,85383927.0,21.0,18558.759523809524,4065901.285714286,0.23764120448134607,0.24769203779319127,daily_table_sum_divide_by_active_days
Currency Derivatives,Futures,2011,Aug-2011,2011-08-01,Q3-2011,FY 2011-12,Q2,406838.93,87940090.0,20.0,20341.9465,4397004.5,0.0960833063170401,0.08143414977856422,daily_table_sum_divide_by_active_days
Currency Derivatives,Futures,2011,Sep-2011,2011-09-01,Q3-2011,FY 2011-12,Q2,288847.51,59402945.0,20.0,14442.3755,2970147.25,-0.2900199840757618,-0.32450666129634387,daily_table_sum_divide_by_active_days
Currency Derivatives,Futures,2011,Oct-2011,2011-10-01,Q4-2011,FY 2011-12,Q3,201412.02,40286286.0,19.0,10600.632631578948,2120330.8421052634,-0.2660049150793131,-0.2861192851279466,daily_table_sum_divide_by_active_days
Currency Derivatives,Futures,2011,Nov-2011,2011-11-01,Q4-2011,FY 2011-12,Q3,226398.11,43759113.0,20.0,11319.9055,2187955.65,0.06785188143190268,0.03189351706434285,daily_table_sum_divide_by_active_days
Currency Derivatives,Futures,2011,Dec-2011,2011-12-01,Q4-2011,FY 2011-12,Q3,238669.22,44666235.0,21.0,11365.20095238095,2126963.571428572,0.004001398455221183,-0.027876286510390647,daily_table_sum_divide_by_active_days
Currency Derivatives,Futures,2012,Jan-2012,2012-01-01,Q1-2012,FY 2011-12,Q4,260950.53,50511361.0,21.0,12426.215714285714,2405302.904761905,0.09335644537657628,0.1308622945273985,daily_table_sum_divide_by_active_days
Currency Derivatives,Futures,2012,Feb-2012,2012-02-01,Q1-2012,FY 2011-12,Q4,221919.44000000003,44637071.0,19.0,11679.97052631579,2349319.5263157897,-0.06005409894116098,-0.023274980600273665,daily_table_sum_divide_by_active_days
Currency Derivatives,Futures,2012,Mar-2012,2012-03-01,Q1-2012,FY 2011-12,Q4,232871.9,45653787.0,20.0,11643.595,2282689.35,-0.0031143508653411756,-0.028361478959943454,daily_table_sum_divide_by_active_days
Currency Derivatives,Futures,2012,Apr-2012,2012-04-01,Q2-2012,FY 2012-13,Q1,195385.53,37256978.0,18.0,10854.751666666669,2069832.111111111,-0.06774912158429858,-0.09324844788402287,daily_table_sum_divide_by_active_days
Currency Derivatives,Futures,2012,May-2012,2012-05-01,Q2-2012,FY 2012-13,Q1,337776.28,61319344.0,22.0,15353.467272727272,2787242.909090909,0.4144466630107708,0.34660337624904436,daily_table_sum_divide_by_active_days
Currency Derivatives,Futures,2012,Jun-2012,2012-06-01,Q2-2012,FY 2012-13,Q1,297769.0800000001,52671206.0,21.0,14179.480000000003,2508152.6666666665,-0.07646398379424368,-0.1001312951641058,daily_table_sum_divide_by_active_days
Currency Derivatives,Futures,2012,Jul-2012,2012-07-01,Q3-2012,FY 2012-13,Q2,335829.87,60118966.0,22.0,15264.994090909093,2732680.272727273,0.07655528206317075,0.08951911462351436,daily_table_sum_divide_by_active_days
Currency Derivatives,Futures,2012,Aug-2012,2012-08-01,Q3-2012,FY 2012-13,Q2,242266.86,43248100.0,21.0,11536.517142857145,2059433.3333333333,-0.24425014027829883,-0.24636871942652294,daily_table_sum_divide_by_active_days
Currency Derivatives,Futures,2012,Sep-2012,2012-09-01,Q3-2012,FY 2012-13,Q2,282508.24000000005,51589559.0,19.0,14868.854736842108,2715239.947368421,0.2888512670436403,0.3184403221121124,daily_table_sum_divide_by_active_days
Currency Derivatives,Futures,2012,Oct-2012,2012-10-01,Q4-2012,FY 2012-13,Q3,362500.52,67774606.0,20.0,18125.026,3388730.3,0.21899274159224524,0.24804082353175372,daily_table_sum_divide_by_active_days
Currency Derivatives,Futures,2012,Nov-2012,2012-11-01,Q4-2012,FY 2012-13,Q3,323517.62999999995,58350327.0,20.0,16175.881499999998,2917516.35,-0.10753885263392193,-0.13905324658028995,daily_table_sum_divide_by_active_days
Currency Derivatives,Futures,2012,Dec-2012,2012-12-01,Q4-2012,FY 2012-13,Q3,321892.55000000005,58135350.0,20.0,16094.627500000002,2906767.5,-0.00502315747058335,-0.003684246705249805,daily_table_sum_divide_by_active_days
Currency Derivatives,Futures,2013,Jan-2013,2013-01-01,Q1-2013,FY 2012-13,Q4,401631.9499999999,73027819.0,22.0,18255.997727272723,3319446.3181818184,0.1342914104270334,0.14197173257985662,daily_table_sum_divide_by_active_days
Currency Derivatives,Futures,2013,Feb-2013,2013-02-01,Q1-2013,FY 2012-13,Q4,346859.1,63317459.0,19.0,18255.74210526316,3332497.8421052634,-1.4002083774333762e-05,0.003931837623629253,daily_table_sum_divide_by_active_days
Currency Derivatives,Futures,2013,Mar-2013,2013-03-01,Q1-2013,FY 2012-13,Q4,317167.77,57349549.0,19.0,16693.04052631579,3018397.3157894737,-0.08560055077119222,-0.09425378235724846,daily_table_sum_divide_by_active_days
Currency Derivatives,Futures,2013,Apr-2013,2013-04-01,Q2-2013,FY 2013-14,Q1,293509.08,53216306.0,18.0,16306.059999999998,2956461.4444444445,-0.023182147416807464,-0.020519456143509585,daily_table_sum_divide_by_active_days
Currency Derivatives,Futures,2013,May-2013,2013-05-01,Q2-2013,FY 2013-14,Q1,383936.0900000001,68624957.0,22.0,17451.640454545457,3119316.227272727,0.07025489017858755,0.055084358747281126,daily_table_sum_divide_by_active_days
Currency Derivatives,Futures,2013,Jun-2013,2013-06-01,Q2-2013,FY 2013-14,Q1,492159.91,82868291.0,20.0,24607.9955,4143414.55,0.41006775632892434,0.32830859332997475,daily_table_sum_divide_by_active_days
Currency Derivatives,Futures,2013,Jul-2013,2013-07-01,Q3-2013,FY 2013-14,Q2,293175.9,47765700.0,23.0,12746.778260869569,2076769.565217392,-0.4820066404486474,-0.4987782322631965,daily_table_sum_divide_by_active_days
Currency Derivatives,Futures,2013,Aug-2013,2013-08-01,Q3-2013,FY 2013-14,Q2,284502.56,42873698.0,20.0,14225.128,2143684.9,0.11597830517447005,0.03222087606797297,daily_table_sum_divide_by_active_days
Currency Derivatives,Futures,2013,Sep-2013,2013-09-01,Q3-2013,FY 2013-14,Q2,257586.04000000004,38568769.0,20.0,12879.302,1928438.45,-0.09460906081126308,-0.10040955646046668,daily_table_sum_divide_by_active_days
Currency Derivatives,Futures,2013,Oct-2013,2013-10-01,Q4-2013,FY 2013-14,Q3,183084.31000000003,28668321.0,21.0,8718.300476190478,1365158.142857143,-0.32307663286484956,-0.2920914106140422,daily_table_sum_divide_by_active_days
Currency Derivatives,Futures,2013,Nov-2013,2013-11-01,Q4-2013,FY 2013-14,Q3,156867.24,24072611.0,20.0,7843.361999999999,1203630.55,-0.10035654065605104,-0.11832152465433887,daily_table_sum_divide_by_active_days
Currency Derivatives,Futures,2013,Dec-2013,2013-12-01,Q4-2013,FY 2013-14,Q3,149638.96,23006032.0,21.0,7125.664761904762,1095525.3333333333,-0.09150377581644675,-0.08981594615280142,daily_table_sum_divide_by_active_days
Currency Derivatives,Futures,2014,Jan-2014,2014-01-01,Q1-2014,FY 2013-14,Q4,168442.02000000002,25727638.0,22.0,7656.455454545456,1169438.0909090908,0.0744899894082034,0.06746786708333308,daily_table_sum_divide_by_active_days
Currency Derivatives,Futures,2014,Feb-2014,2014-02-01,Q1-2014,FY 2013-14,Q4,132871.32,20283992.0,18.0,7381.740000000001,1126888.4444444445,-0.035880239384448176,-0.03638469346553386,daily_table_sum_divide_by_active_days
Currency Derivatives,Futures,2014,Mar-2014,2014-03-01,Q1-2014,FY 2013-14,Q4,145112.49,22625264.0,19.0,7637.49947368421,1190803.3684210526,0.03464758629865172,0.05671805784477457,daily_table_sum_divide_by_active_days
Currency Derivatives,Futures,2014,Apr-2014,2014-04-01,Q2-2014,FY 2014-15,Q1,125086.91,19809116.0,17.0,7358.053529411765,1165242.1176470588,-0.036588669529248996,-0.02146555128399308,daily_table_sum_divide_by_active_days
Currency Derivatives,Futures,2014,May-2014,2014-05-01,Q2-2014,FY 2014-15,Q1,174332.43000000002,28154887.0,20.0,8716.621500000001,1407744.35,0.1846368696772509,0.20811317122884243,daily_table_sum_divide_by_active_days
Currency Derivatives,Futures,2014,Jun-2014,2014-06-01,Q2-2014,FY 2014-15,Q1,169712.7,27035383.0,21.0,8081.557142857144,1287399.1904761903,-0.07285670912094289,-0.08548793644514341,daily_table_sum_divide_by_active_days
Currency Derivatives,Futures,2014,Jul-2014,2014-07-01,Q3-2014,FY 2014-15,Q2,201643.56000000003,32315728.0,22.0,9165.616363636364,1468896.7272727273,0.13413989428229955,0.14097999916358783,daily_table_sum_divide_by_active_days
Currency Derivatives,Futures,2014,Aug-2014,2014-08-01,Q3-2014,FY 2014-15,Q2,196751.93,31372063.0,18.0,10930.662777777778,1742892.388888889,0.19257258258637733,0.18653160329717955,daily_table_sum_divide_by_active_days
Currency Derivatives,Futures,2014,Sep-2014,2014-09-01,Q3-2014,FY 2014-15,Q2,209370.38000000003,33302985.0,22.0,9516.835454545457,1513772.0454545454,-0.12934506827039394,-0.13145983360476432,daily_table_sum_divide_by_active_days
Currency Derivatives,Futures,2014,Oct-2014,2014-10-01,Q4-2014,FY 2014-15,Q3,167294.84000000003,26467584.0,18.0,9294.157777777778,1470421.3333333333,-0.02339829009666472,-0.028637543051070913,daily_table_sum_divide_by_active_days
Currency Derivatives,Futures,2014,Nov-2014,2014-11-01,Q4-2014,FY 2014-15,Q3,154131.38,24233234.0,18.0,8562.854444444445,1346290.7777777778,-0.07868419611746547,-0.08441835869870096,daily_table_sum_divide_by_active_days
Currency Derivatives,Futures,2014,Dec-2014,2014-12-01,Q4-2014,FY 2014-15,Q3,205126.13,31735428.0,22.0,9323.915,1442519.4545454546,0.08887930543410438,0.07147688921000728,daily_table_sum_divide_by_active_days
Currency Derivatives,Futures,2015,Jan-2015,2015-01-01,Q1-2015,FY 2014-15,Q4,240518.15,37820180.0,21.0,11453.245238095236,1800960.9523809524,0.22837297831385595,0.24848295577992374,daily_table_sum_divide_by_active_days
Currency Derivatives,Futures,2015,Feb-2015,2015-02-01,Q1-2015,FY 2014-15,Q4,171034.3,26881038.0,18.0,9501.905555555555,1493391.0,-0.1703743910109624,-0.17078102219502922,daily_table_sum_divide_by_active_days
Currency Derivatives,Futures,2015,Mar-2015,2015-03-01,Q1-2015,FY 2014-15,Q4,232989.6300000001,36461337.0,21.0,11094.744285714289,1736254.142857143,0.16763361000020005,0.16262528892777772,daily_table_sum_divide_by_active_days
Currency Derivatives,Futures,2015,Apr-2015,2015-04-01,Q2-2015,FY 2015-16,Q1,200186.6,31055906.0,18.0,11121.477777777778,1725328.111111111,0.002409563607330023,-0.006292875839047585,daily_table_sum_divide_by_active_days
Currency Derivatives,Futures,2015,May-2015,2015-05-01,Q2-2015,FY 2015-16,Q1,218201.07000000004,33332687.0,19.0,11484.266842105266,1754351.9473684211,0.032620580787598996,0.016822212581129703,daily_table_sum_divide_by_active_days
Currency Derivatives,Futures,2015,Jun-2015,2015-06-01,Q2-2015,FY 2015-16,Q1,212345.37,32424567.0,22.0,9652.062272727271,1473843.9545454546,-0.15954040380361967,-0.15989265622769522,daily_table_sum_divide_by_active_days
Currency Derivatives,Futures,2015,Jul-2015,2015-07-01,Q3-2015,FY 2015-16,Q2,189030.79000000004,28823508.0,23.0,8218.730000000001,1253196.0,-0.1485001062184682,-0.14970916959353697,daily_table_sum_divide_by_active_days
Currency Derivatives,Futures,2015,Aug-2015,2015-08-01,Q3-2015,FY 2015-16,Q2,285653.14,42815782.0,20.0,14282.656999999996,2140789.1,0.7378180083784227,0.7082635916488722,daily_table_sum_divide_by_active_days
Currency Derivatives,Futures,2015,Sep-2015,2015-09-01,Q3-2015,FY 2015-16,Q2,238260.12,35166561.0,20.0,11913.006,1758328.05,-0.1659110766295092,-0.17865424015845377,daily_table_sum_divide_by_active_days
Currency Derivatives,Futures,2015,Oct-2015,2015-10-01,Q4-2015,FY 2015-16,Q3,207048.98,31087546.0,20.0,10352.449,1554377.3,-0.13099607269567382,-0.11599129639090955,daily_table_sum_divide_by_active_days
Currency Derivatives,Futures,2015,Nov-2015,2015-11-01,Q4-2015,FY 2015-16,Q3,200809.78,29824019.0,19.0,10568.935789473684,1569685.2105263155,0.020911649936520726,0.009848259187981823,daily_table_sum_divide_by_active_days
Currency Derivatives,Futures,2015,Dec-2015,2015-12-01,Q4-2015,FY 2015-16,Q3,202382.84000000003,29684458.0,21.0,9637.278095238098,1413545.619047619,-0.08815056811713118,-0.09947191349681062,daily_table_sum_divide_by_active_days
Currency Derivatives,Futures,2016,Jan-2016,2016-01-01,Q1-2016,FY 2015-16,Q4,268949.93000000005,39277620.0,20.0,13447.496500000005,1963881.0,0.3953625045483107,0.38932976306995415,daily_table_sum_divide_by_active_days
Currency Derivatives,Futures,2016,Feb-2016,2016-02-01,Q1-2016,FY 2015-16,Q4,267791.55000000005,38452656.0,20.0,13389.577500000005,1922632.8,-0.004307047040317147,-0.02100341110281123,daily_table_sum_divide_by_active_days
Currency Derivatives,Futures,2016,Mar-2016,2016-03-01,Q1-2016,FY 2015-16,Q4,258672.88,37814054.0,20.0,12933.643999999998,1890702.7,-0.0340513731669283,-0.016607487399570076,daily_table_sum_divide_by_active_days
Currency Derivatives,Futures,2016,Apr-2016,2016-04-01,Q2-2016,FY 2016-17,Q1,198407.94,29162057.0,16.0,12400.49625,1822628.5625,-0.04122177400274807,-0.036004675668998565,daily_table_sum_divide_by_active_days
Currency Derivatives,Futures,2016,May-2016,2016-05-01,Q2-2016,FY 2016-17,Q1,230308.75,33368426.0,22.0,10468.579545454546,1516746.6363636365,-0.1557934993565644,-0.16782460915503372,daily_table_sum_divide_by_active_days
Currency Derivatives,Futures,2016,Jun-2016,2016-06-01,Q2-2016,FY 2016-17,Q1,320800.41,45774934.0,22.0,14581.836818181817,2080678.818181818,0.3929145549181261,0.3718038123823997,daily_table_sum_divide_by_active_days
Currency Derivatives,Futures,2016,Jul-2016,2016-07-01,Q3-2016,FY 2016-17,Q2,165256.02,23757025.0,20.0,8262.801,1187851.25,-0.43334978281355685,-0.42910398297898134,daily_table_sum_divide_by_active_days
Currency Derivatives,Futures,2016,Aug-2016,2016-08-01,Q3-2016,FY 2016-17,Q2,169809.14999999997,24649243.0,21.0,8086.149999999999,1173773.4761904762,-0.021379069881992896,-0.01185146188087427,daily_table_sum_divide_by_active_days
Currency Derivatives,Futures,2016,Sep-2016,2016-09-01,Q3-2016,FY 2016-17,Q2,203859.67,29838524.0,20.0,10192.9835,1491926.2,0.2605484068438011,0.2710512124043727,daily_table_sum_divide_by_active_days
Currency Derivatives,Futures,2016,Oct-2016,2016-10-01,Q4-2016,FY 2016-17,Q3,156253.25999999998,22860864.0,19.0,8223.855789473682,1203203.3684210526,-0.19318462651551604,-0.19352353459504057,daily_table_sum_divide_by_active_days
Currency Derivatives,Futures,2016,Nov-2016,2016-11-01,Q4-2016,FY 2016-17,Q3,297746.04000000004,43427973.0,21.0,14178.382857142858,2067998.7142857143,0.7240553847370248,0.7187441197073117,daily_table_sum_divide_by_active_days
Currency Derivatives,Futures,2016,Dec-2016,2016-12-01,Q4-2016,FY 2016-17,Q3,192173.39,28047830.0,21.0,9151.113809523808,1335610.9523809524,-0.35457280976768,-0.3541529096925615,daily_table_sum_divide_by_active_days
Currency Derivatives,Futures,2017,Jan-2017,2017-01-01,Q1-2017,FY 2016-17,Q4,189460.61,27409931.0,21.0,9021.93380952381,1305234.8095238097,-0.014116314438746835,-0.022743256786710297,daily_table_sum_divide_by_active_days
Currency Derivatives,Futures,2017,Feb-2017,2017-02-01,Q1-2017,FY 2016-17,Q4,166263.68,24411679.0,18.0,9236.871111111112,1356204.388888889,0.02382386150521376,0.039050122624046946,daily_table_sum_divide_by_active_days
Currency Derivatives,Futures,2017,Mar-2017,2017-03-01,Q1-2017,FY 2016-17,Q4,199440.02,29907445.0,21.0,9497.14380952381,1424164.0476190476,0.0281775825690167,0.05011018935415512,daily_table_sum_divide_by_active_days
Currency Derivatives,Futures,2017,Apr-2017,2017-04-01,Q2-2017,FY 2017-18,Q1,181185.62,27621713.0,18.0,10065.86777777778,1534539.611111111,0.05988368499628782,0.07750200103463634,daily_table_sum_divide_by_active_days
Currency Derivatives,Futures,2017,May-2017,2017-05-01,Q2-2017,FY 2017-18,Q1,182960.49,27752227.0,21.0,8712.404285714287,1321534.619047619,-0.13446068654423493,-0.13880709922454326,daily_table_sum_divide_by_active_days
Currency Derivatives,Futures,2017,Jun-2017,2017-06-01,Q2-2017,FY 2017-18,Q1,165606.94,24883610.0,21.0,7886.044761904762,1184933.8095238097,-0.09484862004906103,-0.10336529028823505,daily_table_sum_divide_by_active_days
Currency Derivatives,Futures,2017,Jul-2017,2017-07-01,Q3-2017,FY 2017-18,Q2,158914.60000000003,23904725.0,21.0,7567.361904761907,1138320.238095238,-0.04041098760716155,-0.039338544527904196,daily_table_sum_divide_by_active_days
Currency Derivatives,Futures,2017,Aug-2017,2017-08-01,Q3-2017,FY 2017-18,Q2,169544.9,25688528.0,20.0,8477.244999999999,1284426.4,0.12023781955842905,0.12835242405005687,daily_table_sum_divide_by_active_days
Currency Derivatives,Futures,2017,Sep-2017,2017-09-01,Q3-2017,FY 2017-18,Q2,277485.89,41799966.0,21.0,13213.61380952381,1990474.571428572,0.5587155744022747,0.5496992053640226,daily_table_sum_divide_by_active_days
Currency Derivatives,Futures,2017,Oct-2017,2017-10-01,Q4-2017,FY 2017-18,Q3,199645.6,29918578.0,20.0,9982.28,1495928.9,-0.24454580375239976,-0.24845616142367222,daily_table_sum_divide_by_active_days
Currency Derivatives,Futures,2017,Nov-2017,2017-11-01,Q4-2017,FY 2017-18,Q3,267316.22000000003,40166428.0,22.0,12150.737272727274,1825746.7272727275,0.21723066000225133,0.22047694063048562,daily_table_sum_divide_by_active_days
Currency Derivatives,Futures,2017,Dec-2017,2017-12-01,Q4-2017,FY 2017-18,Q3,230216.36,34790130.0,19.0,12116.650526315789,1831059.4736842103,-0.002805323302314644,0.0029099032916897194,daily_table_sum_divide_by_active_days
Currency Derivatives,Futures,2018,Jan-2018,2018-01-01,Q1-2018,FY 2017-18,Q4,266266.44999999995,40258579.0,22.0,12103.020454545453,1829935.4090909087,-0.0011249042580483426,-0.0006138875385843789,daily_table_sum_divide_by_active_days
Currency Derivatives,Futures,2018,Feb-2018,2018-02-01,Q1-2018,FY 2017-18,Q4,283904.6,42579800.0,18.0,15772.477777777776,2365544.4444444445,0.3031852533847623,0.29269286374409265,daily_table_sum_divide_by_active_days
Currency Derivatives,Futures,2018,Mar-2018,2018-03-01,Q1-2018,FY 2017-18,Q4,212638.03000000003,31068853.0,19.0,11191.475263157896,1635202.7894736845,-0.2904427940341856,-0.30874146401518276,daily_table_sum_divide_by_active_days
Currency Derivatives,Futures,2018,Apr-2018,2018-04-01,Q2-2018,FY 2018-19,Q1,297368.37,43614222.0,19.0,15650.966842105265,2295485.3684210526,0.3984721829862701,0.4037924734459941,daily_table_sum_divide_by_active_days
Currency Derivatives,Futures,2018,May-2018,2018-05-01,Q2-2018,FY 2018-19,Q1,403383.56,58034086.0,22.0,18335.616363636364,2637913.0,0.171532503302523,0.1491743908672727,daily_table_sum_divide_by_active_days
Currency Derivatives,Futures,2018,Jun-2018,2018-06-01,Q2-2018,FY 2018-19,Q1,360161.7099999999,51556491.0,21.0,17150.557619047613,2455071.0,-0.06463151939298795,-0.06931312746098905,daily_table_sum_divide_by_active_days
Currency Derivatives,Futures,2018,Jul-2018,2018-07-01,Q3-2018,FY 2018-19,Q2,319727.24,45194719.0,22.0,14533.056363636364,2054305.4090909087,-0.15261901761749253,-0.16323991888995926,daily_table_sum_divide_by_active_days
Currency Derivatives,Futures,2018,Aug-2018,2018-08-01,Q3-2018,FY 2018-19,Q2,403910.92,56747406.0,20.0,20195.546,2837370.3,0.3896282718982591,0.3811823146859261,daily_table_sum_divide_by_active_days
Currency Derivatives,Futures,2018,Sep-2018,2018-09-01,Q3-2018,FY 2018-19,Q2,517416.66,70515824.0,18.0,28745.370000000003,3917545.777777778,0.423351960872957,0.380695983805067,daily_table_sum_divide_by_active_days
Currency Derivatives,Futures,2018,Oct-2018,2018-10-01,Q4-2018,FY 2018-19,Q3,481103.66,64356584.0,21.0,22909.69809523809,3064599.238095238,-0.2030125861925559,-0.21772471543813654,daily_table_sum_divide_by_active_days
Currency Derivatives,Futures,2018,Nov-2018,2018-11-01,Q4-2018,FY 2018-19,Q3,345891.95,47368479.0,19.0,18204.839473684213,2493077.8421052634,-0.20536536980955722,-0.18649139792425073,daily_table_sum_divide_by_active_days
Currency Derivatives,Futures,2018,Dec-2018,2018-12-01,Q4-2018,FY 2018-19,Q3,383122.73,53424447.0,20.0,19156.1365,2671222.35,0.05225517246064837,0.07145565408591636,daily_table_sum_divide_by_active_days
Currency Derivatives,Futures,2019,Jan-2019,2019-01-01,Q1-2019,FY 2018-19,Q4,397757.32000000007,55668608.0,23.0,17293.796521739132,2420374.2608695654,-0.0972189761886938,-0.09390760343497229,daily_table_sum_divide_by_active_days
Currency Derivatives,Futures,2019,Feb-2019,2019-02-01,Q1-2019,FY 2018-19,Q4,347686.8,48269214.0,19.0,18299.30526315789,2540484.947368421,0.058142741540574194,0.04962484043922344,daily_table_sum_divide_by_active_days
Currency Derivatives,Futures,2019,Mar-2019,2019-03-01,Q1-2019,FY 2018-19,Q4,388286.16,55274790.0,19.0,20436.11368421053,2909199.4736842103,0.11676992051467061,0.14513548946539712,daily_table_sum_divide_by_active_days
Currency Derivatives,Futures,2019,Apr-2019,2019-04-01,Q2-2019,FY 2019-20,Q1,359547.01000000007,50944880.0,18.0,19974.83388888889,2830271.111111111,-0.02257179630381667,-0.027130612145046418,daily_table_sum_divide_by_active_days
Currency Derivatives,Futures,2019,May-2019,2019-05-01,Q2-2019,FY 2019-20,Q1,354778.62,50089498.0,22.0,16126.300909090907,2276795.363636364,-0.19266908557065654,-0.19555573503255763,daily_table_sum_divide_by_active_days
Currency Derivatives,Futures,2019,Jun-2019,2019-06-01,Q2-2019,FY 2019-20,Q1,299896.7,42625152.0,19.0,15784.036842105264,2243429.052631579,-0.021223966296740615,-0.014654945076616244,daily_table_sum_divide_by_active_days
Currency Derivatives,Futures,2019,Jul-2019,2019-07-01,Q3-2019,FY 2019-20,Q2,312687.67999999993,44798629.0,23.0,13595.116521739128,1947766.4782608696,-0.13867937222035653,-0.13179047227898388,daily_table_sum_divide_by_active_days
Currency Derivatives,Futures,2019,Aug-2019,2019-08-01,Q3-2019,FY 2019-20,Q2,483351.1400000001,67172392.0,20.0,24167.557000000004,3358619.6,0.7776645725216937,0.7243440820476894,daily_table_sum_divide_by_active_days
Currency Derivatives,Futures,2019,Sep-2019,2019-09-01,Q3-2019,FY 2019-20,Q2,429506.7,56417051.0,19.0,22605.615789473683,2969318.4736842103,-0.06462966904459233,-0.11591105057440554,daily_table_sum_divide_by_active_days
Currency Derivatives,Futures,2019,Oct-2019,2019-10-01,Q4-2019,FY 2019-20,Q3,363259.92,47307912.0,20.0,18162.996,2365395.6,-0.19652726255492636,-0.20338770631595038,daily_table_sum_divide_by_active_days
Currency Derivatives,Futures,2019,Nov-2019,2019-11-01,Q4-2019,FY 2019-20,Q3,373203.31,49198213.0,20.0,18660.1655,2459910.65,0.027372659224282225,0.039957396555569735,daily_table_sum_divide_by_active_days
Currency Derivatives,Futures,2019,Dec-2019,2019-12-01,Q4-2019,FY 2019-20,Q3,397485.32,53816453.0,21.0,18927.87238095238,2562688.238095238,0.014346436581839539,0.04178102489016755,daily_table_sum_divide_by_active_days
Currency Derivatives,Futures,2020,Jan-2020,2020-01-01,Q1-2020,FY 2019-20,Q4,387121.9,52579066.0,23.0,16831.38695652174,2286046.347826087,-0.11076181106020078,-0.10794988097138569,daily_table_sum_divide_by_active_days
Currency Derivatives,Futures,2020,Feb-2020,2020-02-01,Q1-2020,FY 2019-20,Q4,397284.04,53836688.0,18.0,22071.33555555556,2990927.111111111,0.3113200719922533,0.3083405390950755,daily_table_sum_divide_by_active_days
Currency Derivatives,Futures,2020,Mar-2020,2020-03-01,Q1-2020,FY 2019-20,Q4,719657.7300000001,95356125.0,20.0,35982.88650000001,4767806.25,0.6302994628226193,0.5940897497260604,daily_table_sum_divide_by_active_days
Currency Derivatives,Futures,2020,Apr-2020,2020-04-01,Q2-2020,FY 2020-21,Q1,371860.06,48012637.0,17.0,21874.121176470584,2824272.7647058824,-0.3920965407688852,-0.40763684247742193,daily_table_sum_divide_by_active_days
Currency Derivatives,Futures,2020,May-2020,2020-05-01,Q2-2020,FY 2020-21,Q1,367220.41,47443900.0,18.0,20401.13388888889,2635772.222222222,-0.06733926705892757,-0.06674303730124687,daily_table_sum_divide_by_active_days
Currency Derivatives,Futures,2020,Jun-2020,2020-06-01,Q2-2020,FY 2020-21,Q1,454909.3,58286091.0,22.0,20677.695454545454,2649367.772727273,0.013556186002346982,0.005158090061966103,daily_table_sum_divide_by_active_days
Currency Derivatives,Futures,2020,Jul-2020,2020-07-01,Q3-2020,FY 2020-21,Q2,427752.98,55160793.0,23.0,18597.95565217392,2398295.347826087,-0.10057889705084888,-0.09476692042748402,daily_table_sum_divide_by_active_days
Currency Derivatives,Futures,2020,Aug-2020,2020-08-01,Q3-2020,FY 2020-21,Q2,445688.02,57090417.0,21.0,21223.239047619045,2718591.285714286,0.1411597836097782,0.13355149864195348,daily_table_sum_divide_by_active_days
Currency Derivatives,Futures,2020,Sep-2020,2020-09-01,Q3-2020,FY 2020-21,Q2,542798.1,70415755.0,22.0,24672.640909090907,3200716.136363636,0.16252947317477617,0.1773436313074459,daily_table_sum_divide_by_active_days
Currency Derivatives,Futures,2020,Oct-2020,2020-10-01,Q4-2020,FY 2020-21,Q3,463874.06000000006,60003856.0,20.0,23193.703,3000192.8,-0.059942424264196825,-0.0626495221133394,daily_table_sum_divide_by_active_days
Currency Derivatives,Futures,2020,Nov-2020,2020-11-01,Q4-2020,FY 2020-21,Q3,514324.06,66199472.0,20.0,25716.203,3309973.6,0.10875796762595424,0.10325363089998763,daily_table_sum_divide_by_active_days
Currency Derivatives,Futures,2020,Dec-2020,2020-12-01,Q4-2020,FY 2020-21,Q3,569761.9600000001,72299426.0,22.0,25898.270909090912,3286337.5454545454,0.007079890802343947,-0.007140858931761529,daily_table_sum_divide_by_active_days
Currency Derivatives,Futures,2021,Jan-2021,2021-01-01,Q1-2021,FY 2020-21,Q4,459420.56,58634264.0,20.0,22971.028,2931713.2,-0.11302850755427774,-0.10790867966227002,daily_table_sum_divide_by_active_days
Currency Derivatives,Futures,2021,Feb-2021,2021-02-01,Q1-2021,FY 2020-21,Q4,496557.68,64101180.0,19.0,26134.614736842104,3373746.3157894737,0.13772072964440718,0.1507763841938814,daily_table_sum_divide_by_active_days
Currency Derivatives,Futures,2021,Mar-2021,2021-03-01,Q1-2021,FY 2020-21,Q4,603652.6699999999,79092794.0,21.0,28745.36523809524,3766323.523809524,0.09989626889631342,0.11636239695401795,daily_table_sum_divide_by_active_days
Currency Derivatives,Futures,2021,Apr-2021,2021-04-01,Q2-2021,FY 2021-22,Q1,599818.34,77097710.0,17.0,35283.43176470588,4535159.411764706,0.2274476762586395,0.20413431907663826,daily_table_sum_divide_by_active_days
Currency Derivatives,Futures,2021,May-2021,2021-05-01,Q2-2021,FY 2021-22,Q1,440059.04,56850686.0,19.0,23161.00210526316,2992141.3684210526,-0.3435728627612924,-0.3402345768355779,daily_table_sum_divide_by_active_days
Currency Derivatives,Futures,2021,Jun-2021,2021-06-01,Q2-2021,FY 2021-22,Q1,523418.93000000005,67110350.0,22.0,23791.769545454543,3050470.4545454546,0.027234030605612025,0.01949409434327043,daily_table_sum_divide_by_active_days
Currency Derivatives,Futures,2021,Jul-2021,2021-07-01,Q3-2021,FY 2021-22,Q2,509821.49,63933391.0,21.0,24277.213809523808,3044447.1904761903,0.020403873832999908,-0.001974536111401859,daily_table_sum_divide_by_active_days
Currency Derivatives,Futures,2021,Aug-2021,2021-08-01,Q3-2021,FY 2021-22,Q2,398050.4100000001,50496066.0,20.0,19902.52050000001,2524803.3,-0.18019750305150883,-0.17068579547110208,daily_table_sum_divide_by_active_days
Currency Derivatives,Futures,2021,Sep-2021,2021-09-01,Q3-2021,FY 2021-22,Q2,471187.45,61175244.0,21.0,22437.49761904761,2913106.8571428573,0.1273696524542005,0.15379556781427595,daily_table_sum_divide_by_active_days
Currency Derivatives,Futures,2021,Oct-2021,2021-10-01,Q4-2021,FY 2021-22,Q3,568375.03,73140879.0,19.0,29914.475263157896,3849519.947368421,0.3332358078007298,0.32144824620130397,daily_table_sum_divide_by_active_days
Currency Derivatives,Futures,2021,Nov-2021,2021-11-01,Q4-2021,FY 2021-22,Q3,520119.52,67341735.0,20.0,26005.976,3367086.75,-0.13065578549430656,-0.12532295038455854,daily_table_sum_divide_by_active_days
Currency Derivatives,Futures,2021,Dec-2021,2021-12-01,Q4-2021,FY 2021-22,Q3,684961.69,88326225.0,23.0,29780.94304347826,3840270.652173913,0.14515767620020337,0.14053213870237036,daily_table_sum_divide_by_active_days
Currency Derivatives,Futures,2022,Jan-2022,2022-01-01,Q1-2022,FY 2021-22,Q4,610507.96,79517627.0,20.0,30525.398,3975881.35,0.02499769585653766,0.035312796963755666,daily_table_sum_divide_by_active_days
Currency Derivatives,Futures,2022,Feb-2022,2022-02-01,Q1-2022,FY 2021-22,Q4,760029.2100000001,98614684.0,19.0,40001.53736842106,5190246.52631579,0.31043458854888817,0.3054329516940413,daily_table_sum_divide_by_active_days
Currency Derivatives,Futures,2022,Mar-2022,2022-03-01,Q1-2022,FY 2021-22,Q4,970566.46,124588906.0,21.0,46217.45047619048,5932805.047619048,0.15539185533095368,0.14306806382670056,daily_table_sum_divide_by_active_days
Currency Derivatives,Futures,2022,Apr-2022,2022-04-01,Q2-2022,FY 2022-23,Q1,710990.14,91961298.0,18.0,39499.45222222222,5108961.0,-0.14535631422224649,-0.1388624842728774,daily_table_sum_divide_by_active_days
Currency Derivatives,Futures,2022,May-2022,2022-05-01,Q2-2022,FY 2022-23,Q1,754226.92,96077059.0,20.0,37711.346000000005,4803852.95,-0.04526913973799962,-0.05972017598098711,daily_table_sum_divide_by_active_days
Currency Derivatives,Futures,2022,Jun-2022,2022-06-01,Q2-2022,FY 2022-23,Q1,734716.14,92207084.0,22.0,33396.18818181818,4191231.090909091,-0.11442598251947367,-0.1275271881690112,daily_table_sum_divide_by_active_days
Currency Derivatives,Futures,2022,Jul-2022,2022-07-01,Q3-2022,FY 2022-23,Q2,739224.72,91456638.0,21.0,35201.177142857145,4355078.0,0.054047753929643116,0.03909278814196093,daily_table_sum_divide_by_active_days
Currency Derivatives,Futures,2022,Aug-2022,2022-08-01,Q3-2022,FY 2022-23,Q2,737444.0800000002,91555193.0,19.0,38812.84631578948,4818694.368421053,0.10260080673652117,0.10645420550930496,daily_table_sum_divide_by_active_days
Currency Derivatives,Futures,2022,Sep-2022,2022-09-01,Q3-2022,FY 2022-23,Q2,1059964.97,130775052.0,22.0,48180.22590909091,5944320.545454546,0.24134740124665055,0.23359567778570867,daily_table_sum_divide_by_active_days
Currency Derivatives,Futures,2022,Oct-2022,2022-10-01,Q4-2022,FY 2022-23,Q3,990733.22,119256764.0,19.0,52143.85368421053,6276671.7894736845,0.08226669137248166,0.055910720405762504,daily_table_sum_divide_by_active_days
Currency Derivatives,Futures,2022,Nov-2022,2022-11-01,Q4-2022,FY 2022-23,Q3,1068255.23,129592702.0,21.0,50869.29666666667,6171081.047619048,-0.024443092090253526,-0.016822727935483006,daily_table_sum_divide_by_active_days
Currency Derivatives,Futures,2022,Dec-2022,2022-12-01,Q4-2022,FY 2022-23,Q3,873210.7800000001,104584654.0,22.0,39691.3990909091,4753847.909090909,-0.21973760810972942,-0.229657190951161,daily_table_sum_divide_by_active_days
Currency Derivatives,Futures,2023,Jan-2023,2023-01-01,Q1-2023,FY 2022-23,Q4,925942.41,111716148.0,21.0,44092.49571428572,5319816.571428572,0.11088287951997744,0.11905485265007032,daily_table_sum_divide_by_active_days
Currency Derivatives,Futures,2023,Feb-2023,2023-02-01,Q1-2023,FY 2022-23,Q4,728106.06,86967609.0,20.0,36405.303,4348380.45,-0.17434242697664104,-0.18260707082381678,daily_table_sum_divide_by_active_days
Currency Derivatives,Futures,2023,Mar-2023,2023-03-01,Q1-2023,FY 2022-23,Q4,792856.02,95277086.0,20.0,39642.801,4763854.3,0.08892929692138529,0.09554680294821027,daily_table_sum_divide_by_active_days
Currency Derivatives,Futures,2023,Apr-2023,2023-04-01,Q2-2023,FY 2023-24,Q1,549463.2,65763304.0,17.0,32321.36470588235,3868429.647058824,-0.1846851410453476,-0.18796222481891933,daily_table_sum_divide_by_active_days
Currency Derivatives,Futures,2023,May-2023,2023-05-01,Q2-2023,FY 2023-24,Q1,612472.45,72823303.0,21.0,29165.35476190476,3467776.333333333,-0.09764469949510546,-0.10357001426408485,daily_table_sum_divide_by_active_days
Currency Derivatives,Futures,2023,Jun-2023,2023-06-01,Q2-2023,FY 2023-24,Q1,627298.3599999999,74284936.0,21.0,29871.35047619047,3537377.904761905,0.0242066561524521,0.02007095173917084,daily_table_sum_divide_by_active_days
Currency Derivatives,Futures,2023,Jul-2023,2023-07-01,Q3-2023,FY 2023-24,Q2,660643.3,78232088.0,21.0,31459.204761904763,3725337.523809524,0.05315642782805963,0.05313529515593851,daily_table_sum_divide_by_active_days
Currency Derivatives,Futures,2023,Aug-2023,2023-08-01,Q3-2023,FY 2023-24,Q2,649667.18,76749821.0,21.0,30936.532380952383,3654753.380952381,-0.016614290949442667,-0.018947046383320343,daily_table_sum_divide_by_active_days
Currency Derivatives,Futures,2023,Sep-2023,2023-09-01,Q3-2023,FY 2023-24,Q2,673078.87,79793064.0,20.0,33653.9435,3989653.2,0.08783825819860569,0.09163404042336465,daily_table_sum_divide_by_active_days
Currency Derivatives,Futures,2023,Oct-2023,2023-10-01,Q4-2023,FY 2023-24,Q3,572989.58,67798095.0,20.0,28649.479,3389904.75,-0.14870365786404793,-0.15032596066244563,daily_table_sum_divide_by_active_days
Currency Derivatives,Futures,2023,Nov-2023,2023-11-01,Q4-2023,FY 2023-24,Q3,573570.6900000001,67548895.0,21.0,27312.890000000003,3216614.047619048,-0.046653169504408676,-0.051119637618417424,daily_table_sum_divide_by_active_days
Currency Derivatives,Futures,2023,Dec-2023,2023-12-01,Q4-2023,FY 2023-24,Q3,610933.3600000001,72245908.0,20.0,30546.668000000005,3612295.4,0.11839750388918935,0.12301175911167728,daily_table_sum_divide_by_active_days
Currency Derivatives,Futures,2024,Jan-2024,2024-01-01,Q1-2024,FY 2023-24,Q4,612806.4199999998,72035178.0,21.0,29181.258095238085,3430246.571428572,-0.044699143774434624,-0.050396993715250415,daily_table_sum_divide_by_active_days
Currency Derivatives,Futures,2024,Feb-2024,2024-02-01,Q1-2024,FY 2023-24,Q4,464004.71,54334791.0,20.0,23200.235500000003,2716739.55,-0.2049610944023722,-0.20800458700886404,daily_table_sum_divide_by_active_days
Currency Derivatives,Futures,2024,Mar-2024,2024-03-01,Q1-2024,FY 2023-24,Q4,594813.7500000001,70293336.0,18.0,33045.20833333334,3905185.3333333335,0.4243479698011401,0.4374529694365932,daily_table_sum_divide_by_active_days
Currency Derivatives,Futures,2024,Apr-2024,2024-04-01,Q2-2024,FY 2024-25,Q1,217436.96,25887006.0,18.0,12079.83111111111,1438167.0,-0.6344453032566918,-0.6317288739860063,daily_table_sum_divide_by_active_days
Currency Derivatives,Futures,2024,May-2024,2024-05-01,Q2-2024,FY 2024-25,Q1,105146.61,12571143.0,20.0,5257.330499999999,628557.15,-0.5647844368317144,-0.56294564539445,daily_table_sum_divide_by_active_days
Currency Derivatives,Futures,2024,Jun-2024,2024-06-01,Q2-2024,FY 2024-25,Q1,109312.05000000002,13057459.0,19.0,5753.265789473685,687234.6842105263,0.09433215002817219,0.09335274320008335,daily_table_sum_divide_by_active_days
Currency Derivatives,Futures,2024,Jul-2024,2024-07-01,Q3-2024,FY 2024-25,Q2,45606.41999999999,5414603.0,22.0,2073.0190909090907,246118.3181818181,-0.6396795895121103,-0.6418715122555971,daily_table_sum_divide_by_active_days
Currency Derivatives,Futures,2024,Aug-2024,2024-08-01,Q3-2024,FY 2024-25,Q2,108394.64,12851492.0,21.0,5161.649523809524,611975.8095238095,1.4899189527222165,1.4865106102005656,daily_table_sum_divide_by_active_days
Currency Derivatives,Futures,2024,Sep-2024,2024-09-01,Q3-2024,FY 2024-25,Q2,64014.95,7566328.0,20.0,3200.7475,378316.4,-0.3798983279985062,-0.38181151262437063,daily_table_sum_divide_by_active_days
Currency Derivatives,Futures,2024,Oct-2024,2024-10-01,Q4-2024,FY 2024-25,Q3,150596.66999999998,17842375.0,22.0,6845.303181818181,811017.0454545454,1.1386576672537214,1.143753338355264,daily_table_sum_divide_by_active_days
Currency Derivatives,Futures,2024,Nov-2024,2024-11-01,Q4-2024,FY 2024-25,Q3,103988.61000000002,12273360.0,19.0,5473.084736842106,645966.3157894737,-0.2004613102631927,-0.20351080238093744,daily_table_sum_divide_by_active_days
Currency Derivatives,Futures,2024,Dec-2024,2024-12-01,Q4-2024,FY 2024-25,Q3,152068.22,17812319.0,21.0,7241.34380952381,848205.6666666666,0.32308271435643143,0.31308033551257886,daily_table_sum_divide_by_active_days
Currency Derivatives,Futures,2025,Jan-2025,2025-01-01,Q1-2025,FY 2024-25,Q4,144809.05,16706233.0,23.0,6296.0456521739125,726357.9565217391,-0.13054181409072751,-0.14365349694464136,daily_table_sum_divide_by_active_days
Currency Derivatives,Futures,2025,Feb-2025,2025-02-01,Q1-2025,FY 2024-25,Q4,98892.19,11314012.0,18.0,5494.010555555555,628556.2222222222,-0.12738711580679685,-0.13464674465445847,daily_table_sum_divide_by_active_days
Currency Derivatives,Futures,2025,Mar-2025,2025-03-01,Q1-2025,FY 2024-25,Q4,74366.29000000001,8577330.0,19.0,3914.0152631578953,451438.4210526316,-0.28758504855800926,-0.28178513696579355,daily_table_sum_divide_by_active_days
Currency Derivatives,Futures,2025,Apr-2025,2025-04-01,Q2-2025,FY 2025-26,Q1,74328.24,8624800.0,18.0,4129.346666666667,479155.5555555556,0.055015473632833656,0.06139737605473461,daily_table_sum_divide_by_active_days
Currency Derivatives,Futures,2025,May-2025,2025-05-01,Q2-2025,FY 2025-26,Q1,74673.49999999999,8696848.0,20.0,3733.6749999999993,434842.4,-0.09581943552006644,-0.09248177349039988,daily_table_sum_divide_by_active_days
Currency Derivatives,Futures,2025,Jun-2025,2025-06-01,Q2-2025,FY 2025-26,Q1,55022.91999999999,6317494.0,21.0,2620.1390476190472,300833.04761904763,-0.29824126427205155,-0.30817912968227656,daily_table_sum_divide_by_active_days
Currency Derivatives,Futures,2025,Jul-2025,2025-07-01,Q3-2025,FY 2025-26,Q2,50291.51,5763080.0,23.0,2186.5873913043474,250568.69565217392,-0.16546894971420456,-0.16708387713614736,daily_table_sum_divide_by_active_days
Currency Derivatives,Futures,2025,Aug-2025,2025-08-01,Q3-2025,FY 2025-26,Q2,42833.87,4834137.0,19.0,2254.414210526316,254428.26315789475,0.03101948702883006,0.015403231020839403,daily_table_sum_divide_by_active_days
Currency Derivatives,Futures,2025,Sep-2025,2025-09-01,Q3-2025,FY 2025-26,Q2,68371.91,7649016.0,21.0,3255.805238095238,364238.8571428572,0.44419123286804396,0.431597467286154,daily_table_sum_divide_by_active_days
Currency Derivatives,Futures,2025,Oct-2025,2025-10-01,Q4-2025,FY 2025-26,Q3,83625.43999999999,9385605.0,21.0,3982.163809523809,446933.5714285714,0.22309644413912078,0.227034300882623,daily_table_sum_divide_by_active_days
Currency Derivatives,Futures,2025,Nov-2025,2025-11-01,Q4-2025,FY 2025-26,Q3,74035.88,8259845.0,19.0,3896.625263157895,434728.6842105263,-0.021480418801792744,-0.02730805649491408,daily_table_sum_divide_by_active_days
Currency Derivatives,Futures,2025,Dec-2025,2025-12-01,Q4-2025,FY 2025-26,Q3,82990.59999999999,9147779.0,22.0,3772.3,415808.1363636364,-0.0319058813105213,-0.04352265800277222,daily_table_sum_divide_by_active_days
Currency Derivatives,Futures,2026,Jan-2026,2026-01-01,Q1-2026,FY 2025-26,Q4,78014.61,8504245.0,20.0,3900.7305,425212.25,0.03404567505235523,0.022616473353805233,daily_table_sum_divide_by_active_days
Currency Derivatives,Futures,2026,Feb-2026,2026-02-01,Q1-2026,FY 2025-26,Q4,71635.95,7831667.0,19.0,3770.313157894737,412193.0,-0.03343408166887285,-0.030618238303341427,daily_table_sum_divide_by_active_days
Currency Derivatives,Futures,2026,Mar-2026,2026-03-01,Q1-2026,FY 2025-26,Q4,126077.41999999998,13508719.0,18.0,7004.30111111111,750484.3888888889,0.8577504885621128,0.8207111447523099,daily_table_sum_divide_by_active_days
Currency Derivatives,Futures,2026,Apr-2026,2026-04-01,Q2-2026,FY 2026-27,Q1,95169.84,10057773.0,19.0,5008.938947368421,529356.4736842106,-0.28487669677384264,-0.29464692201268006,daily_table_sum_divide_by_active_days
Currency Derivatives,Options,2008,Aug-2008,2008-08-01,Q3-2008,FY 2008-09,Q2,0.0,0.0,1.0,0.0,0.0,,,daily_table_sum_divide_by_active_days
Currency Derivatives,Options,2008,Sep-2008,2008-09-01,Q3-2008,FY 2008-09,Q2,0.0,0.0,21.0,0.0,0.0,,,daily_table_sum_divide_by_active_days
Currency Derivatives,Options,2008,Oct-2008,2008-10-01,Q4-2008,FY 2008-09,Q3,0.0,0.0,20.0,0.0,0.0,,,daily_table_sum_divide_by_active_days
Currency Derivatives,Options,2008,Nov-2008,2008-11-01,Q4-2008,FY 2008-09,Q3,0.0,0.0,18.0,0.0,0.0,,,daily_table_sum_divide_by_active_days
Currency Derivatives,Options,2008,Dec-2008,2008-12-01,Q4-2008,FY 2008-09,Q3,0.0,0.0,21.0,0.0,0.0,,,daily_table_sum_divide_by_active_days
Currency Derivatives,Options,2009,Jan-2009,2009-01-01,Q1-2009,FY 2008-09,Q4,0.0,0.0,20.0,0.0,0.0,,,daily_table_sum_divide_by_active_days
Currency Derivatives,Options,2009,Feb-2009,2009-02-01,Q1-2009,FY 2008-09,Q4,0.0,0.0,19.0,0.0,0.0,,,daily_table_sum_divide_by_active_days
Currency Derivatives,Options,2009,Mar-2009,2009-03-01,Q1-2009,FY 2008-09,Q4,0.0,0.0,19.0,0.0,0.0,,,daily_table_sum_divide_by_active_days
Currency Derivatives,Options,2009,Apr-2009,2009-04-01,Q2-2009,FY 2009-10,Q1,0.0,0.0,16.0,0.0,0.0,,,daily_table_sum_divide_by_active_days
Currency Derivatives,Options,2009,May-2009,2009-05-01,Q2-2009,FY 2009-10,Q1,0.0,0.0,20.0,0.0,0.0,,,daily_table_sum_divide_by_active_days
Currency Derivatives,Options,2009,Jun-2009,2009-06-01,Q2-2009,FY 2009-10,Q1,0.0,0.0,22.0,0.0,0.0,,,daily_table_sum_divide_by_active_days
Currency Derivatives,Options,2009,Jul-2009,2009-07-01,Q3-2009,FY 2009-10,Q2,0.0,0.0,23.0,0.0,0.0,,,daily_table_sum_divide_by_active_days
Currency Derivatives,Options,2009,Aug-2009,2009-08-01,Q3-2009,FY 2009-10,Q2,0.0,0.0,20.0,0.0,0.0,,,daily_table_sum_divide_by_active_days
Currency Derivatives,Options,2009,Sep-2009,2009-09-01,Q3-2009,FY 2009-10,Q2,0.0,0.0,19.0,0.0,0.0,,,daily_table_sum_divide_by_active_days
Currency Derivatives,Options,2009,Oct-2009,2009-10-01,Q4-2009,FY 2009-10,Q3,0.0,0.0,20.0,0.0,0.0,,,daily_table_sum_divide_by_active_days
Currency Derivatives,Options,2009,Nov-2009,2009-11-01,Q4-2009,FY 2009-10,Q3,0.0,0.0,20.0,0.0,0.0,,,daily_table_sum_divide_by_active_days
Currency Derivatives,Options,2009,Dec-2009,2009-12-01,Q4-2009,FY 2009-10,Q3,0.0,0.0,21.0,0.0,0.0,,,daily_table_sum_divide_by_active_days
Currency Derivatives,Options,2010,Jan-2010,2010-01-01,Q1-2010,FY 2009-10,Q4,0.0,0.0,20.0,0.0,0.0,,,daily_table_sum_divide_by_active_days
Currency Derivatives,Options,2010,Feb-2010,2010-02-01,Q1-2010,FY 2009-10,Q4,0.0,0.0,19.0,0.0,0.0,,,daily_table_sum_divide_by_active_days
Currency Derivatives,Options,2010,Mar-2010,2010-03-01,Q1-2010,FY 2009-10,Q4,0.0,0.0,20.0,0.0,0.0,,,daily_table_sum_divide_by_active_days
Currency Derivatives,Options,2010,Apr-2010,2010-04-01,Q2-2010,FY 2010-11,Q1,0.0,0.0,19.0,0.0,0.0,,,daily_table_sum_divide_by_active_days
Currency Derivatives,Options,2010,May-2010,2010-05-01,Q2-2010,FY 2010-11,Q1,0.0,0.0,20.0,0.0,0.0,,,daily_table_sum_divide_by_active_days
Currency Derivatives,Options,2010,Jun-2010,2010-06-01,Q2-2010,FY 2010-11,Q1,0.0,0.0,22.0,0.0,0.0,,,daily_table_sum_divide_by_active_days
Currency Derivatives,Options,2010,Jul-2010,2010-07-01,Q3-2010,FY 2010-11,Q2,0.0,0.0,22.0,0.0,0.0,,,daily_table_sum_divide_by_active_days
Currency Derivatives,Options,2010,Aug-2010,2010-08-01,Q3-2010,FY 2010-11,Q2,0.0,0.0,21.0,0.0,0.0,,,daily_table_sum_divide_by_active_days
Currency Derivatives,Options,2010,Sep-2010,2010-09-01,Q3-2010,FY 2010-11,Q2,0.0,0.0,20.0,0.0,0.0,,,daily_table_sum_divide_by_active_days
Currency Derivatives,Options,2010,Oct-2010,2010-10-01,Q4-2010,FY 2010-11,Q3,10.19,305401.0,21.0,0.4852380952380952,14542.90476190476,inf,inf,daily_table_sum_divide_by_active_days
Currency Derivatives,Options,2010,Nov-2010,2010-11-01,Q4-2010,FY 2010-11,Q3,88.65,2907233.0,21.0,4.221428571428572,138439.66666666666,7.699705593719335,8.519395810753732,daily_table_sum_divide_by_active_days
Currency Derivatives,Options,2010,Dec-2010,2010-12-01,Q4-2010,FY 2010-11,Q3,84.28,3064531.0,22.0,3.830909090909091,139296.86363636365,-0.09250884479310895,0.006191845085563141,daily_table_sum_divide_by_active_days
Currency Derivatives,Options,2011,Jan-2011,2011-01-01,Q1-2011,FY 2010-11,Q4,119.67,4858521.0,20.0,5.9835,242926.05,0.5619008068343616,0.7439448646464988,daily_table_sum_divide_by_active_days
Currency Derivatives,Options,2011,Feb-2011,2011-02-01,Q1-2011,FY 2010-11,Q4,173.5,7934029.0,19.0,9.13157894736842,417580.4736842105,0.526126672911911,0.7189612793037656,daily_table_sum_divide_by_active_days
Currency Derivatives,Options,2011,Mar-2011,2011-03-01,Q1-2011,FY 2010-11,Q4,470.4000000000001,18350432.0,22.0,21.381818181818183,834110.5454545454,1.3415247576630867,0.9974845521281008,daily_table_sum_divide_by_active_days
Currency Derivatives,Options,2011,Apr-2011,2011-04-01,Q2-2011,FY 2011-12,Q1,429.98,21689474.0,16.0,26.87375,1355592.125,0.2568505527210885,0.6251948046781679,daily_table_sum_divide_by_active_days
Currency Derivatives,Options,2011,May-2011,2011-05-01,Q2-2011,FY 2011-12,Q1,435.73,22667858.0,21.0,20.749047619047616,1079421.8095238097,-0.22790650284952363,-0.20372670391264647,daily_table_sum_divide_by_active_days
Currency Derivatives,Options,2011,Jun-2011,2011-06-01,Q2-2011,FY 2011-12,Q1,423.31000000000006,24930182.0,22.0,19.24136363636364,1133190.0909090908,-0.0726628041134727,0.049812113217353904,daily_table_sum_divide_by_active_days
Currency Derivatives,Options,2011,Jul-2011,2011-07-01,Q3-2011,FY 2011-12,Q2,598.1500000000001,36888278.0,21.0,28.48333333333333,1756584.6666666667,0.4803178127928307,0.5501235677568126,daily_table_sum_divide_by_active_days
Currency Derivatives,Options,2011,Aug-2011,2011-08-01,Q3-2011,FY 2011-12,Q2,812.4000000000001,39299765.0,20.0,40.620000000000005,1964988.25,0.4260971328262144,0.11864135403664,daily_table_sum_divide_by_active_days
Currency Derivatives,Options,2011,Sep-2011,2011-09-01,Q3-2011,FY 2011-12,Q2,766.25,25739858.0,20.0,38.3125,1286992.9,-0.05680699162973912,-0.34503786473023446,daily_table_sum_divide_by_active_days
Currency Derivatives,Options,2011,Oct-2011,2011-10-01,Q4-2011,FY 2011-12,Q3,429.77,14419158.0,19.0,22.61947368421053,758903.052631579,-0.4096059071005408,-0.4103284853929039,daily_table_sum_divide_by_active_days
Currency Derivatives,Options,2011,Nov-2011,2011-11-01,Q4-2011,FY 2011-12,Q3,800.0699999999999,18536927.0,20.0,40.0035,926846.35,0.7685424762082043,0.22129743290142168,daily_table_sum_divide_by_active_days
Currency Derivatives,Options,2011,Dec-2011,2011-12-01,Q4-2011,FY 2011-12,Q3,729.34,17492644.0,21.0,34.73047619047619,832983.0476190476,-0.13181406150771335,-0.10127169663121871,daily_table_sum_divide_by_active_days
Currency Derivatives,Options,2012,Jan-2012,2012-01-01,Q1-2012,FY 2011-12,Q4,632.2199999999999,18944932.0,21.0,30.10571428571428,902139.619047619,-0.13316148846902687,0.08302278374841454,daily_table_sum_divide_by_active_days
Currency Derivatives,Options,2012,Feb-2012,2012-02-01,Q1-2012,FY 2011-12,Q4,482.04,15032803.0,19.0,25.37052631578948,791200.1578947369,-0.15728535536430488,-0.12297371583125905,daily_table_sum_divide_by_active_days
Currency Derivatives,Options,2012,Mar-2012,2012-03-01,Q1-2012,FY 2011-12,Q4,561.4,16330279.0,20.0,28.07,816513.95,0.1064019583437057,0.03199416968345825,daily_table_sum_divide_by_active_days
Currency Derivatives,Options,2012,Apr-2012,2012-04-01,Q2-2012,FY 2012-13,Q1,418.11,12427591.0,18.0,23.22833333333333,690421.7222222222,-0.17248545303408158,-0.15442752420552974,daily_table_sum_divide_by_active_days
Currency Derivatives,Options,2012,May-2012,2012-05-01,Q2-2012,FY 2012-13,Q1,976.5000000000002,21171175.0,22.0,44.38636363636365,962326.1363636364,0.9108716496963616,0.39382366659358636,daily_table_sum_divide_by_active_days
Currency Derivatives,Options,2012,Jun-2012,2012-06-01,Q2-2012,FY 2012-13,Q1,666.79,16953147.0,21.0,31.75190476190476,807292.7142857143,-0.28464730695145457,-0.16110278648749,daily_table_sum_divide_by_active_days
Currency Derivatives,Options,2012,Jul-2012,2012-07-01,Q3-2012,FY 2012-13,Q2,984.44,23493023.0,22.0,44.74727272727273,1067864.681818182,0.4092783744098252,0.32277259898600685,daily_table_sum_divide_by_active_days
Currency Derivatives,Options,2012,Aug-2012,2012-08-01,Q3-2012,FY 2012-13,Q2,578.33,15467074.0,21.0,27.53952380952381,736527.3333333334,-0.38455413858688814,-0.3102802762618787,daily_table_sum_divide_by_active_days
Currency Derivatives,Options,2012,Sep-2012,2012-09-01,Q3-2012,FY 2012-13,Q2,730.74,20961974.0,19.0,38.46,1103261.7894736845,0.3965383085781473,0.4979237559054397,daily_table_sum_divide_by_active_days
Currency Derivatives,Options,2012,Oct-2012,2012-10-01,Q4-2012,FY 2012-13,Q3,1033.55,27086140.0,20.0,51.6775,1354307.0,0.34366874674987,0.22754817843014186,daily_table_sum_divide_by_active_days
Currency Derivatives,Options,2012,Nov-2012,2012-11-01,Q4-2012,FY 2012-13,Q3,931.17,26165263.0,20.0,46.5585,1308263.15,-0.09905664941222003,-0.0339980890595708,daily_table_sum_divide_by_active_days
Currency Derivatives,Options,2012,Dec-2012,2012-12-01,Q4-2012,FY 2012-13,Q3,807.38,23029565.0,20.0,40.369,1151478.25,-0.13294027943340103,-0.11984202107962749,daily_table_sum_divide_by_active_days
Currency Derivatives,Options,2013,Jan-2013,2013-01-01,Q1-2013,FY 2012-13,Q4,1164.34,33678072.0,22.0,52.92454545454545,1530821.4545454546,0.311019481645457,0.32944018225741956,daily_table_sum_divide_by_active_days
Currency Derivatives,Options,2013,Feb-2013,2013-02-01,Q1-2013,FY 2012-13,Q4,899.1800000000001,27700389.0,19.0,47.32526315789474,1457915.2105263155,-0.10579745652156214,-0.047625569789774835,daily_table_sum_divide_by_active_days
Currency Derivatives,Options,2013,Mar-2013,2013-03-01,Q1-2013,FY 2012-13,Q4,919.46,26950772.0,19.0,48.39263157894737,1418461.6842105263,0.022553882426210592,-0.027061605524745347,daily_table_sum_divide_by_active_days
Currency Derivatives,Options,2013,Apr-2013,2013-04-01,Q2-2013,FY 2013-14,Q1,738.0699999999998,27056813.0,18.0,41.00388888888888,1503156.2777777778,-0.15268321744405555,0.05970876373329048,daily_table_sum_divide_by_active_days
Currency Derivatives,Options,2013,May-2013,2013-05-01,Q2-2013,FY 2013-14,Q1,1110.4900000000002,35117053.0,22.0,50.4768181818182,1596229.681818182,0.23102514297116516,0.06191864772570521,daily_table_sum_divide_by_active_days
Currency Derivatives,Options,2013,Jun-2013,2013-06-01,Q2-2013,FY 2013-14,Q1,2053.12,48221934.0,20.0,102.656,2411096.7,1.0337256526398249,0.5104948413524333,daily_table_sum_divide_by_active_days
Currency Derivatives,Options,2013,Jul-2013,2013-07-01,Q3-2013,FY 2013-14,Q2,992.17,19264659.0,23.0,43.13782608695652,837593.8695652174,-0.579782710343706,-0.652608761164487,daily_table_sum_divide_by_active_days
Currency Derivatives,Options,2013,Aug-2013,2013-08-01,Q3-2013,FY 2013-14,Q2,556.89,8881372.0,20.0,27.8445,444068.6,-0.35452241047401156,-0.4698282590935039,daily_table_sum_divide_by_active_days
Currency Derivatives,Options,2013,Sep-2013,2013-09-01,Q3-2013,FY 2013-14,Q2,522.07,7078194.0,20.0,26.103500000000004,353909.7,-0.06252581299718063,-0.20302921665706597,daily_table_sum_divide_by_active_days
Currency Derivatives,Options,2013,Oct-2013,2013-10-01,Q4-2013,FY 2013-14,Q3,276.33,6136246.0,21.0,13.158571428571427,292202.1904761905,-0.4959077737249248,-0.17435947509720573,daily_table_sum_divide_by_active_days
Currency Derivatives,Options,2013,Nov-2013,2013-11-01,Q4-2013,FY 2013-14,Q3,264.07,6497562.0,20.0,13.2035,324878.1,0.003414395831071726,0.11182636745658492,daily_table_sum_divide_by_active_days
Currency Derivatives,Options,2013,Dec-2013,2013-12-01,Q4-2013,FY 2013-14,Q3,234.63,5815357.0,21.0,11.172857142857143,276921.7619047619,-0.15379580089694822,-0.14761332972348118,daily_table_sum_divide_by_active_days
Currency Derivatives,Options,2014,Jan-2014,2014-01-01,Q1-2014,FY 2013-14,Q4,211.03000000000003,6395061.0,22.0,9.592272727272729,290684.5909090909,-0.14146644814078635,0.04969934074398341,daily_table_sum_divide_by_active_days
Currency Derivatives,Options,2014,Feb-2014,2014-02-01,Q1-2014,FY 2013-14,Q4,134.64,4596923.0,18.0,7.479999999999999,255384.61111111112,-0.22020565796332303,-0.12143739607105464,daily_table_sum_divide_by_active_days
Currency Derivatives,Options,2014,Mar-2014,2014-03-01,Q1-2014,FY 2013-14,Q4,203.61,6829777.0,19.0,10.716315789473684,359461.94736842107,0.43266253869969074,0.4075317451764102,daily_table_sum_divide_by_active_days
Currency Derivatives,Options,2014,Apr-2014,2014-04-01,Q2-2014,FY 2014-15,Q1,171.29000000000002,4926955.0,17.0,10.07588235294118,289820.8823529412,-0.059762463995469695,-0.19373696026885168,daily_table_sum_divide_by_active_days
Currency Derivatives,Options,2014,May-2014,2014-05-01,Q2-2014,FY 2014-15,Q1,230.97,6728868.0,20.0,11.5485,336443.4,0.14615272345145613,0.16086666105129832,daily_table_sum_divide_by_active_days
Currency Derivatives,Options,2014,Jun-2014,2014-06-01,Q2-2014,FY 2014-15,Q1,184.74,6431022.0,21.0,8.797142857142857,306239.14285714284,-0.23824368037902266,-0.08977515131180214,daily_table_sum_divide_by_active_days
Currency Derivatives,Options,2014,Jul-2014,2014-07-01,Q3-2014,FY 2014-15,Q2,217.47000000000003,7936579.0,22.0,9.885000000000002,360753.5909090909,0.12366027931146495,0.17801267187251257,daily_table_sum_divide_by_active_days
Currency Derivatives,Options,2014,Aug-2014,2014-08-01,Q3-2014,FY 2014-15,Q2,266.16,10566459.0,18.0,14.786666666666664,587025.5,0.4958691620300113,0.6272201158710826,daily_table_sum_divide_by_active_days
Currency Derivatives,Options,2014,Sep-2014,2014-09-01,Q3-2014,FY 2014-15,Q2,303.25000000000006,12351112.0,22.0,13.784090909090912,561414.1818181818,-0.06780268874497875,-0.04362897043112823,daily_table_sum_divide_by_active_days
Currency Derivatives,Options,2014,Oct-2014,2014-10-01,Q4-2014,FY 2014-15,Q3,227.56,9998079.0,18.0,12.64222222222222,555448.8333333334,-0.08283960795090262,-0.010625574981966368,daily_table_sum_divide_by_active_days
Currency Derivatives,Options,2014,Nov-2014,2014-11-01,Q4-2014,FY 2014-15,Q3,160.52,7849819.0,18.0,8.91777777777778,436101.0555555556,-0.2946036210230266,-0.21486727600372024,daily_table_sum_divide_by_active_days
Currency Derivatives,Options,2014,Dec-2014,2014-12-01,Q4-2014,FY 2014-15,Q3,362.95,14140228.0,22.0,16.49772727272727,642737.6363636364,0.8499818770813035,0.4738272888260804,daily_table_sum_divide_by_active_days
Currency Derivatives,Options,2015,Jan-2015,2015-01-01,Q1-2015,FY 2014-15,Q4,442.94,19002251.0,21.0,21.09238095238096,904869.0952380951,0.2785022205603558,0.4078358634131001,daily_table_sum_divide_by_active_days
Currency Derivatives,Options,2015,Feb-2015,2015-02-01,Q1-2015,FY 2014-15,Q4,213.4,8638555.0,18.0,11.855555555555556,479919.7222222223,-0.43792236721301625,-0.46962524773161507,daily_table_sum_divide_by_active_days
Currency Derivatives,Options,2015,Mar-2015,2015-03-01,Q1-2015,FY 2014-15,Q4,383.21,16505804.0,21.0,18.24809523809524,785990.6666666666,0.5392020350783238,0.6377544624071962,daily_table_sum_divide_by_active_days
Currency Derivatives,Options,2015,Apr-2015,2015-04-01,Q2-2015,FY 2015-16,Q1,326.99,15521510.0,18.0,18.16611111111111,862306.1111111111,-0.004492749841253363,0.09709459371584295,daily_table_sum_divide_by_active_days
Currency Derivatives,Options,2015,May-2015,2015-05-01,Q2-2015,FY 2015-16,Q1,380.48,15790911.0,19.0,20.02526315789473,831100.5789473684,0.10234177449495441,-0.0361884622660662,daily_table_sum_divide_by_active_days
Currency Derivatives,Options,2015,Jun-2015,2015-06-01,Q2-2015,FY 2015-16,Q1,288.6,15474614.0,22.0,13.118181818181816,703391.5454545454,-0.34491838061013835,-0.15366254906785537,daily_table_sum_divide_by_active_days
Currency Derivatives,Options,2015,Jul-2015,2015-07-01,Q3-2015,FY 2015-16,Q2,269.82,14561975.0,23.0,11.731304347826086,633129.3478260869,-0.10572177528699256,-0.09989059163776792,daily_table_sum_divide_by_active_days
Currency Derivatives,Options,2015,Aug-2015,2015-08-01,Q3-2015,FY 2015-16,Q2,650.1,24605109.0,20.0,32.505,1230255.45,1.7707916388703584,0.9431344546326992,daily_table_sum_divide_by_active_days
Currency Derivatives,Options,2015,Sep-2015,2015-09-01,Q3-2015,FY 2015-16,Q2,514.01,20054667.0,20.0,25.7005,1002733.35,-0.20933702507306573,-0.18493890841938554,daily_table_sum_divide_by_active_days
Currency Derivatives,Options,2015,Oct-2015,2015-10-01,Q4-2015,FY 2015-16,Q3,488.04,22943436.0,20.0,24.402,1147171.8,-0.05052430886558634,0.14404472534996482,daily_table_sum_divide_by_active_days
Currency Derivatives,Options,2015,Nov-2015,2015-11-01,Q4-2015,FY 2015-16,Q3,472.29,20282838.0,19.0,24.85736842105264,1067517.7894736845,0.018661110607845144,-0.06943511906962452,daily_table_sum_divide_by_active_days
Currency Derivatives,Options,2015,Dec-2015,2015-12-01,Q4-2015,FY 2015-16,Q3,460.21,22748566.0,21.0,21.914761904761903,1083265.0476190476,-0.11837964769426412,0.014751284054129732,daily_table_sum_divide_by_active_days
Currency Derivatives,Options,2016,Jan-2016,2016-01-01,Q1-2016,FY 2015-16,Q4,746.07,31875927.0,20.0,37.3035,1593796.35,0.7022087742552314,0.47128937050361785,daily_table_sum_divide_by_active_days
Currency Derivatives,Options,2016,Feb-2016,2016-02-01,Q1-2016,FY 2015-16,Q4,740.8899999999999,27813313.0,20.0,37.04449999999999,1390665.65,-0.006943048239441585,-0.12745085029213432,daily_table_sum_divide_by_active_days
Currency Derivatives,Options,2016,Mar-2016,2016-03-01,Q1-2016,FY 2015-16,Q4,721.4900000000001,32150934.0,20.0,36.07450000000001,1607546.7,-0.02618472377815828,0.15595484795356818,daily_table_sum_divide_by_active_days
Currency Derivatives,Options,2016,Apr-2016,2016-04-01,Q2-2016,FY 2016-17,Q1,448.84,22336853.0,16.0,28.0525,1396053.3125,-0.22237314446492695,-0.13156282644852557,daily_table_sum_divide_by_active_days
Currency Derivatives,Options,2016,May-2016,2016-05-01,Q2-2016,FY 2016-17,Q1,608.8100000000002,29075094.0,22.0,27.673181818181828,1321595.181818182,-0.01352172468828694,-0.053334733004200996,daily_table_sum_divide_by_active_days
Currency Derivatives,Options,2016,Jun-2016,2016-06-01,Q2-2016,FY 2016-17,Q1,807.0799999999999,33440957.0,22.0,36.68545454545454,1520043.5,0.32566810663425305,0.15015817317735913,daily_table_sum_divide_by_active_days
Currency Derivatives,Options,2016,Jul-2016,2016-07-01,Q3-2016,FY 2016-17,Q2,392.33,22094587.0,20.0,19.6165,1104729.35,-0.4652785349655548,-0.27322517414797665,daily_table_sum_divide_by_active_days
Currency Derivatives,Options,2016,Aug-2016,2016-08-01,Q3-2016,FY 2016-17,Q2,451.47,24598002.0,21.0,21.498571428571427,1171333.4285714286,0.09594328389730222,0.06028995117349645,daily_table_sum_divide_by_active_days
Currency Derivatives,Options,2016,Sep-2016,2016-09-01,Q3-2016,FY 2016-17,Q2,593.29,32586802.0,20.0,29.6645,1629340.1,0.37983586949298975,0.39101306276826864,daily_table_sum_divide_by_active_days
Currency Derivatives,Options,2016,Oct-2016,2016-10-01,Q4-2016,FY 2016-17,Q3,371.21,21930767.0,19.0,19.53736842105264,1154250.894736842,-0.3413889187057715,-0.29158381682446655,daily_table_sum_divide_by_active_days
Currency Derivatives,Options,2016,Nov-2016,2016-11-01,Q4-2016,FY 2016-17,Q3,861.66,37660191.0,21.0,41.03142857142857,1793342.4285714286,1.100151242846751,0.5536851101859386,daily_table_sum_divide_by_active_days
Currency Derivatives,Options,2016,Dec-2016,2016-12-01,Q4-2016,FY 2016-17,Q3,794.81,36068993.0,21.0,37.84809523809523,1717571.0952380951,-0.07758280528282624,-0.04225145857598023,daily_table_sum_divide_by_active_days
Currency Derivatives,Options,2017,Jan-2017,2017-01-01,Q1-2017,FY 2016-17,Q4,597.19,29422841.0,21.0,28.43761904761905,1401087.6666666667,-0.24863803927982764,-0.18426219994553206,daily_table_sum_divide_by_active_days
Currency Derivatives,Options,2017,Feb-2017,2017-02-01,Q1-2017,FY 2016-17,Q4,498.94999999999993,27657451.0,18.0,27.71944444444444,1536525.0555555555,-0.02525438581802575,0.0966658918717831,daily_table_sum_divide_by_active_days
Currency Derivatives,Options,2017,Mar-2017,2017-03-01,Q1-2017,FY 2016-17,Q4,727.39,32962970.0,21.0,34.63761904761905,1569665.238095238,0.24957840035503143,0.02156826692793512,daily_table_sum_divide_by_active_days
Currency Derivatives,Options,2017,Apr-2017,2017-04-01,Q2-2017,FY 2017-18,Q1,768.59,33284239.0,18.0,42.699444444444445,1849124.388888889,0.23274767777029282,0.17803742098077535,daily_table_sum_divide_by_active_days
Currency Derivatives,Options,2017,May-2017,2017-05-01,Q2-2017,FY 2017-18,Q1,685.0400000000001,32339693.0,21.0,32.62095238095238,1539985.380952381,-0.23603333004964566,-0.16718129391082492,daily_table_sum_divide_by_active_days
Currency Derivatives,Options,2017,Jun-2017,2017-06-01,Q2-2017,FY 2017-18,Q1,462.76,24470609.0,21.0,22.03619047619048,1165267.0952380951,-0.3244774027793996,-0.24332587201739986,daily_table_sum_divide_by_active_days
Currency Derivatives,Options,2017,Jul-2017,2017-07-01,Q3-2017,FY 2017-18,Q2,500.26,25152060.0,21.0,23.82190476190476,1197717.142857143,0.08103552597458696,0.02784773358113002,daily_table_sum_divide_by_active_days
Currency Derivatives,Options,2017,Aug-2017,2017-08-01,Q3-2017,FY 2017-18,Q2,574.68,31470857.0,20.0,28.734,1573542.85,0.20620077559668992,0.31378502794602103,daily_table_sum_divide_by_active_days
Currency Derivatives,Options,2017,Sep-2017,2017-09-01,Q3-2017,FY 2017-18,Q2,942.07,43097139.0,21.0,44.86047619047618,2052244.7142857143,0.5612332494771413,0.30421914743898726,daily_table_sum_divide_by_active_days
Currency Derivatives,Options,2017,Oct-2017,2017-10-01,Q4-2017,FY 2017-18,Q3,705.79,31388099.0,20.0,35.2895,1569404.95,-0.21334985722929278,-0.23527397143462359,daily_table_sum_divide_by_active_days
Currency Derivatives,Options,2017,Nov-2017,2017-11-01,Q4-2017,FY 2017-18,Q3,650.6800000000002,35068009.0,22.0,29.576363636363645,1594000.4090909092,-0.1618933780199876,0.015671837336124872,daily_table_sum_divide_by_active_days
Currency Derivatives,Options,2017,Dec-2017,2017-12-01,Q4-2017,FY 2017-18,Q3,480.1600000000001,25286559.0,19.0,25.271578947368425,1330871.5263157894,-0.14554813911276632,-0.16507453904932656,daily_table_sum_divide_by_active_days
Currency Derivatives,Options,2018,Jan-2018,2018-01-01,Q1-2018,FY 2017-18,Q4,591.7099999999999,33484749.0,22.0,26.89590909090909,1522034.0454545454,0.06427497652297687,0.14363709445940676,daily_table_sum_divide_by_active_days
Currency Derivatives,Options,2018,Feb-2018,2018-02-01,Q1-2018,FY 2017-18,Q4,707.1899999999999,34398896.0,18.0,39.28833333333333,1911049.7777777773,0.46075498695870154,0.2555893762593562,daily_table_sum_divide_by_active_days
Currency Derivatives,Options,2018,Mar-2018,2018-03-01,Q1-2018,FY 2017-18,Q4,503.65,25089683.0,19.0,26.507894736842104,1320509.6315789474,-0.3252985686121722,-0.30901348204834655,daily_table_sum_divide_by_active_days
Currency Derivatives,Options,2018,Apr-2018,2018-04-01,Q2-2018,FY 2018-19,Q1,665.6899999999999,31093098.0,19.0,35.03631578947368,1636478.8421052631,0.32173136106423117,0.2392782324113063,daily_table_sum_divide_by_active_days
Currency Derivatives,Options,2018,May-2018,2018-05-01,Q2-2018,FY 2018-19,Q1,989.74,42211581.0,22.0,44.988181818181815,1918708.2272727275,0.28404430672753755,0.17246137127222982,daily_table_sum_divide_by_active_days
Currency Derivatives,Options,2018,Jun-2018,2018-06-01,Q2-2018,FY 2018-19,Q1,886.69,37009963.0,21.0,42.223333333333336,1762379.1904761903,-0.06145721772047863,-0.08147619037353326,daily_table_sum_divide_by_active_days
Currency Derivatives,Options,2018,Jul-2018,2018-07-01,Q3-2018,FY 2018-19,Q2,787.2999999999997,34662362.0,22.0,35.786363636363625,1575561.9090909092,-0.15245053359839844,-0.10600288654951917,daily_table_sum_divide_by_active_days
Currency Derivatives,Options,2018,Aug-2018,2018-08-01,Q3-2018,FY 2018-19,Q2,1285.72,49297157.0,20.0,64.286,2464857.85,0.7963825733519629,0.5644309727075147,daily_table_sum_divide_by_active_days
Currency Derivatives,Options,2018,Sep-2018,2018-09-01,Q3-2018,FY 2018-19,Q2,2015.8800000000003,61190777.0,18.0,111.99333333333335,3399487.611111111,0.7421107758039596,0.3791820129145016,daily_table_sum_divide_by_active_days
Currency Derivatives,Options,2018,Oct-2018,2018-10-01,Q4-2018,FY 2018-19,Q3,1345.5299999999995,40171247.0,21.0,64.07285714285713,1912916.523809524,-0.42788686401401466,-0.43729269153468286,daily_table_sum_divide_by_active_days
Currency Derivatives,Options,2018,Nov-2018,2018-11-01,Q4-2018,FY 2018-19,Q3,1558.4,46358886.0,19.0,82.02105263157894,2439941.3684210526,0.2801216660075643,0.2755085431339013,daily_table_sum_divide_by_active_days
Currency Derivatives,Options,2018,Dec-2018,2018-12-01,Q4-2018,FY 2018-19,Q3,1522.14,50442128.0,20.0,76.107,2522106.4,-0.07210408110882949,0.03367500245799682,daily_table_sum_divide_by_active_days
Currency Derivatives,Options,2019,Jan-2019,2019-01-01,Q1-2019,FY 2018-19,Q4,1277.7399999999998,49104567.0,23.0,55.55391304347825,2134981.1739130435,-0.27005514547310694,-0.15349282095591066,daily_table_sum_divide_by_active_days
Currency Derivatives,Options,2019,Feb-2019,2019-02-01,Q1-2019,FY 2018-19,Q4,999.13,46158397.0,19.0,52.58578947368421,2429389.3157894737,-0.05342780386092871,0.13789730114426813,daily_table_sum_divide_by_active_days
Currency Derivatives,Options,2019,Mar-2019,2019-03-01,Q1-2019,FY 2018-19,Q4,1281.61,60659188.0,19.0,67.45315789473685,3192588.8421052634,0.2827259715952881,0.314152829007472,daily_table_sum_divide_by_active_days
Currency Derivatives,Options,2019,Apr-2019,2019-04-01,Q2-2019,FY 2019-20,Q1,1061.04,50251159.0,18.0,58.946666666666665,2791731.0555555555,-0.12610960692670425,-0.12555885094347863,daily_table_sum_divide_by_active_days
Currency Derivatives,Options,2019,May-2019,2019-05-01,Q2-2019,FY 2019-20,Q1,990.38,46586465.0,22.0,45.017272727272726,2117566.590909091,-0.23630503176985873,-0.2414861787294571,daily_table_sum_divide_by_active_days
Currency Derivatives,Options,2019,Jun-2019,2019-06-01,Q2-2019,FY 2019-20,Q1,621.71,41517032.0,19.0,32.72157894736842,2185106.947368421,-0.27313280070063484,0.031895269196863696,daily_table_sum_divide_by_active_days
Currency Derivatives,Options,2019,Jul-2019,2019-07-01,Q3-2019,FY 2019-20,Q2,718.97,46670682.0,23.0,31.259565217391305,2029160.0869565213,-0.04468041509637166,-0.07136806763609926,daily_table_sum_divide_by_active_days
Currency Derivatives,Options,2019,Aug-2019,2019-08-01,Q3-2019,FY 2019-20,Q2,1590.2300000000002,76252863.0,20.0,79.51150000000001,3812643.15,1.5435894404495323,0.8789267414176638,daily_table_sum_divide_by_active_days
Currency Derivatives,Options,2019,Sep-2019,2019-09-01,Q3-2019,FY 2019-20,Q2,1307.97,66876454.0,19.0,68.84052631578948,3519813.3684210526,-0.13420667053458346,-0.07680492772551961,daily_table_sum_divide_by_active_days
Currency Derivatives,Options,2019,Oct-2019,2019-10-01,Q4-2019,FY 2019-20,Q3,877.4499999999999,50607550.0,20.0,43.8725,2530377.5,-0.36269371621673274,-0.28110463960903187,daily_table_sum_divide_by_active_days
Currency Derivatives,Options,2019,Nov-2019,2019-11-01,Q4-2019,FY 2019-20,Q3,932.61,57584574.0,20.0,46.6305,2879228.7,0.06286398085360978,0.13786527899493262,daily_table_sum_divide_by_active_days
Currency Derivatives,Options,2019,Dec-2019,2019-12-01,Q4-2019,FY 2019-20,Q3,970.28,56733133.0,21.0,46.203809523809525,2701577.761904762,-0.009150458952627005,-0.061700877771619256,daily_table_sum_divide_by_active_days
Currency Derivatives,Options,2020,Jan-2020,2020-01-01,Q1-2020,FY 2019-20,Q4,1075.0,64024231.0,23.0,46.73913043478261,2783662.217391304,0.011586077349254653,0.03038389516082929,daily_table_sum_divide_by_active_days
Currency Derivatives,Options,2020,Feb-2020,2020-02-01,Q1-2020,FY 2019-20,Q4,913.59,54443950.0,18.0,50.755,3024663.888888889,0.08592093023255809,0.08657719675609155,daily_table_sum_divide_by_active_days
Currency Derivatives,Options,2020,Mar-2020,2020-03-01,Q1-2020,FY 2019-20,Q4,2277.29,68585242.0,20.0,113.8645,3429262.1,1.243414441926904,0.1337663376738829,daily_table_sum_divide_by_active_days
Currency Derivatives,Options,2020,Apr-2020,2020-04-01,Q2-2020,FY 2020-21,Q1,1061.75,42395125.0,17.0,62.45588235294117,2493830.882352941,-0.4514894251242384,-0.2727791549228794,daily_table_sum_divide_by_active_days
Currency Derivatives,Options,2020,May-2020,2020-05-01,Q2-2020,FY 2020-21,Q1,931.99,47629422.0,18.0,51.77722222222222,2646079.0,-0.1709792533291472,0.06104989665675009,daily_table_sum_divide_by_active_days
Currency Derivatives,Options,2020,Jun-2020,2020-06-01,Q2-2020,FY 2020-21,Q1,1104.55,64893878.0,22.0,50.20681818181818,2949721.727272727,-0.03033001719682915,0.11475195081958134,daily_table_sum_divide_by_active_days
Currency Derivatives,Options,2020,Jul-2020,2020-07-01,Q3-2020,FY 2020-21,Q2,1115.09,68356988.0,23.0,48.48217391304348,2972042.95652174,-0.03435079798383356,0.007567232204527707,daily_table_sum_divide_by_active_days
Currency Derivatives,Options,2020,Aug-2020,2020-08-01,Q3-2020,FY 2020-21,Q2,1190.89,70821217.0,21.0,56.70904761904762,3372438.904761905,0.16968863072764995,0.13472078099058105,daily_table_sum_divide_by_active_days
Currency Derivatives,Options,2020,Sep-2020,2020-09-01,Q3-2020,FY 2020-21,Q2,1371.58,78212322.0,22.0,62.344545454545454,3555105.5454545454,0.09937563884611889,0.05416455148667465,daily_table_sum_divide_by_active_days
Currency Derivatives,Options,2020,Oct-2020,2020-10-01,Q4-2020,FY 2020-21,Q3,1195.9899999999998,69635339.0,20.0,59.79949999999999,3481766.95,-0.04082226337508588,-0.020629090899513147,daily_table_sum_divide_by_active_days
Currency Derivatives,Options,2020,Nov-2020,2020-11-01,Q4-2020,FY 2020-21,Q3,1315.68,68469574.0,20.0,65.784,3423478.7,0.10007608759270603,-0.016740996981432055,daily_table_sum_divide_by_active_days
Currency Derivatives,Options,2020,Dec-2020,2020-12-01,Q4-2020,FY 2020-21,Q3,1253.42,79833474.0,22.0,56.973636363636366,3628794.272727273,-0.13392867013808285,0.059972791046508656,daily_table_sum_divide_by_active_days
Currency Derivatives,Options,2021,Jan-2021,2021-01-01,Q1-2021,FY 2020-21,Q4,1013.89,73769248.0,20.0,50.69449999999999,3688462.4,-0.11021126198720321,0.01644296225916464,daily_table_sum_divide_by_active_days
Currency Derivatives,Options,2021,Feb-2021,2021-02-01,Q1-2021,FY 2020-21,Q4,1241.98,80094523.0,19.0,65.36736842105263,4215501.210526316,0.28943708727875106,0.14288848668385956,daily_table_sum_divide_by_active_days
Currency Derivatives,Options,2021,Mar-2021,2021-03-01,Q1-2021,FY 2020-21,Q4,1967.44,114840331.0,21.0,93.68761904761904,5468587.19047619,0.4332475256483692,0.29725670029956475,daily_table_sum_divide_by_active_days
Currency Derivatives,Options,2021,Apr-2021,2021-04-01,Q2-2021,FY 2021-22,Q1,2263.17,119090619.0,17.0,133.12764705882353,7005330.529411765,0.42097374671415366,0.2810128622639294,daily_table_sum_divide_by_active_days
Currency Derivatives,Options,2021,May-2021,2021-05-01,Q2-2021,FY 2021-22,Q1,1338.3100000000002,90313872.0,19.0,70.43736842105264,4753361.684210527,-0.47090352772531674,-0.32146503805157856,daily_table_sum_divide_by_active_days
Currency Derivatives,Options,2021,Jun-2021,2021-06-01,Q2-2021,FY 2021-22,Q1,1640.25,115783764.0,22.0,74.55681818181819,5262898.363636363,0.05848386805339967,0.10719501550205823,daily_table_sum_divide_by_active_days
Currency Derivatives,Options,2021,Jul-2021,2021-07-01,Q3-2021,FY 2021-22,Q2,1455.65,117223337.0,21.0,69.31666666666666,5582063.666666667,-0.07028400142254754,0.06064439800615462,daily_table_sum_divide_by_active_days
Currency Derivatives,Options,2021,Aug-2021,2021-08-01,Q3-2021,FY 2021-22,Q2,1120.37,91263468.0,20.0,56.0185,4563173.4,-0.19184659773984125,-0.18252931666669747,daily_table_sum_divide_by_active_days
Currency Derivatives,Options,2021,Sep-2021,2021-09-01,Q3-2021,FY 2021-22,Q2,1469.34,137912876.0,21.0,69.96857142857142,6567279.80952381,0.24902615079967183,0.43919137710695133,daily_table_sum_divide_by_active_days
Currency Derivatives,Options,2021,Oct-2021,2021-10-01,Q4-2021,FY 2021-22,Q3,1908.44,155588503.0,19.0,100.4442105263158,8188868.578947368,0.43556183119811065,0.24691939683641095,daily_table_sum_divide_by_active_days
Currency Derivatives,Options,2021,Nov-2021,2021-11-01,Q4-2021,FY 2021-22,Q3,1697.1,147050953.0,20.0,84.855,7352547.65,-0.1552026786275702,-0.10212899631793482,daily_table_sum_divide_by_active_days
Currency Derivatives,Options,2021,Dec-2021,2021-12-01,Q4-2021,FY 2021-22,Q3,2450.85,217427111.0,23.0,106.55869565217392,9453352.652173912,0.25577391611777633,0.28572477217116865,daily_table_sum_divide_by_active_days
Currency Derivatives,Options,2022,Jan-2022,2022-01-01,Q1-2022,FY 2021-22,Q4,2348.16,207111483.0,20.0,117.408,10355574.15,0.10181528857335209,0.09543931460322819,daily_table_sum_divide_by_active_days
Currency Derivatives,Options,2022,Feb-2022,2022-02-01,Q1-2022,FY 2021-22,Q4,3237.83,248641617.0,19.0,170.41210526315788,13086400.89473684,0.45145224570010467,0.2637059717965362,daily_table_sum_divide_by_active_days
Currency Derivatives,Options,2022,Mar-2022,2022-03-01,Q1-2022,FY 2021-22,Q4,4064.76,236277741.0,21.0,193.56,11251321.0,0.13583480293900552,-0.14022800535438906,daily_table_sum_divide_by_active_days
Currency Derivatives,Options,2022,Apr-2022,2022-04-01,Q2-2022,FY 2022-23,Q1,2675.85,212566401.0,18.0,148.65833333333333,11809244.5,-0.23197802576289872,0.04958737733995866,daily_table_sum_divide_by_active_days
Currency Derivatives,Options,2022,May-2022,2022-05-01,Q2-2022,FY 2022-23,Q1,2864.4700000000003,188168900.0,20.0,143.2235,9408445.0,-0.0365592241717585,-0.20329831429944567,daily_table_sum_divide_by_active_days
Currency Derivatives,Options,2022,Jun-2022,2022-06-01,Q2-2022,FY 2022-23,Q1,2202.01,183646874.0,22.0,100.09136363636362,8347585.181818182,-0.3011526485781759,-0.1127561268819468,daily_table_sum_divide_by_active_days
Currency Derivatives,Options,2022,Jul-2022,2022-07-01,Q3-2022,FY 2022-23,Q2,2932.79,238512345.0,21.0,139.65666666666667,11357730.714285716,0.3952918772697067,0.3606007566144893,daily_table_sum_divide_by_active_days
Currency Derivatives,Options,2022,Aug-2022,2022-08-01,Q3-2022,FY 2022-23,Q2,3471.61,259635065.0,19.0,182.71631578947367,13665003.421052633,0.3083250527923742,0.20314557236903297,daily_table_sum_divide_by_active_days
Currency Derivatives,Options,2022,Sep-2022,2022-09-01,Q3-2022,FY 2022-23,Q2,4736.080000000001,325193838.0,22.0,215.27636363636367,14781538.090909092,0.17820000204254227,0.08170760265864985,daily_table_sum_divide_by_active_days
Currency Derivatives,Options,2022,Oct-2022,2022-10-01,Q4-2022,FY 2022-23,Q3,4655.2300000000005,281812463.0,19.0,245.0121052631579,14832234.89473684,0.1381282232963703,0.0034297380635190944,daily_table_sum_divide_by_active_days
Currency Derivatives,Options,2022,Nov-2022,2022-11-01,Q4-2022,FY 2022-23,Q3,6032.86,373730746.0,21.0,287.2790476190476,17796702.19047619,0.17250960849665953,0.1998665283268457,daily_table_sum_divide_by_active_days
Currency Derivatives,Options,2022,Dec-2022,2022-12-01,Q4-2022,FY 2022-23,Q3,4442.29,326368449.0,22.0,201.9222727272727,14834929.5,-0.29712147683308965,-0.1664225573241972,daily_table_sum_divide_by_active_days
Currency Derivatives,Options,2023,Jan-2023,2023-01-01,Q1-2023,FY 2022-23,Q4,5169.990000000002,387670902.0,21.0,246.19000000000008,18460519.14285714,0.21923152248052302,0.24439547507503434,daily_table_sum_divide_by_active_days
Currency Derivatives,Options,2023,Feb-2023,2023-02-01,Q1-2023,FY 2022-23,Q4,3810.63,297008055.0,20.0,190.5315,14850402.75,-0.2260794508306595,-0.19555876868468192,daily_table_sum_divide_by_active_days
Currency Derivatives,Options,2023,Mar-2023,2023-03-01,Q1-2023,FY 2022-23,Q4,4546.150000000001,381811550.0,20.0,227.30750000000003,19090577.5,0.19301795241206854,0.2855259093898985,daily_table_sum_divide_by_active_days
Currency Derivatives,Options,2023,Apr-2023,2023-04-01,Q2-2023,FY 2023-24,Q1,2678.66,266081723.0,17.0,157.56823529411764,15651866.05882353,-0.30680582341490004,-0.18012610887106328,daily_table_sum_divide_by_active_days
Currency Derivatives,Options,2023,May-2023,2023-05-01,Q2-2023,FY 2023-24,Q1,3341.23,311744654.0,21.0,159.10619047619048,14844983.523809524,0.009760566139501936,-0.051551842571457285,daily_table_sum_divide_by_active_days
Currency Derivatives,Options,2023,Jun-2023,2023-06-01,Q2-2023,FY 2023-24,Q1,3192.4600000000005,320157616.0,21.0,152.02190476190478,15245600.76190476,-0.04452551904538138,0.026986708166613527,daily_table_sum_divide_by_active_days
Currency Derivatives,Options,2023,Jul-2023,2023-07-01,Q3-2023,FY 2023-24,Q2,3434.78,351911160.0,21.0,163.56095238095236,16757674.285714284,0.07590384844289333,0.09918097341154608,daily_table_sum_divide_by_active_days
Currency Derivatives,Options,2023,Aug-2023,2023-08-01,Q3-2023,FY 2023-24,Q2,3284.69,313712266.0,21.0,156.4138095238095,14938679.333333334,-0.0436971217952824,-0.10854698100509219,daily_table_sum_divide_by_active_days
Currency Derivatives,Options,2023,Sep-2023,2023-09-01,Q3-2023,FY 2023-24,Q2,2961.59,309512503.0,20.0,148.0795,15475625.15,-0.05328371931597797,0.03594332569068248,daily_table_sum_divide_by_active_days
Currency Derivatives,Options,2023,Oct-2023,2023-10-01,Q4-2023,FY 2023-24,Q3,1735.8100000000002,203517520.0,20.0,86.79050000000001,10175876.0,-0.4138925374545429,-0.3424578392556892,daily_table_sum_divide_by_active_days
Currency Derivatives,Options,2023,Nov-2023,2023-11-01,Q4-2023,FY 2023-24,Q3,1701.87,220359124.0,21.0,81.04142857142858,10493291.61904762,-0.06624079166004837,0.031192952729339307,daily_table_sum_divide_by_active_days
Currency Derivatives,Options,2023,Dec-2023,2023-12-01,Q4-2023,FY 2023-24,Q3,1956.68,262153995.0,20.0,97.834,13107699.75,0.20720971637081553,0.24915043113894386,daily_table_sum_divide_by_active_days
Currency Derivatives,Options,2024,Jan-2024,2024-01-01,Q1-2024,FY 2023-24,Q4,2265.3600000000006,305416001.0,21.0,107.87428571428576,14543619.095238095,0.10262573046472356,0.10954777517223002,daily_table_sum_divide_by_active_days
Currency Derivatives,Options,2024,Feb-2024,2024-02-01,Q1-2024,FY 2023-24,Q4,1697.92,239678340.0,20.0,84.896,11983917.0,-0.21300985273863793,-0.1760017282133165,daily_table_sum_divide_by_active_days
Currency Derivatives,Options,2024,Mar-2024,2024-03-01,Q1-2024,FY 2023-24,Q4,2153.42,266073607.0,18.0,119.63444444444444,14781867.055555556,0.4091882355404781,0.2334754200613669,daily_table_sum_divide_by_active_days
Currency Derivatives,Options,2024,Apr-2024,2024-04-01,Q2-2024,FY 2024-25,Q1,364.51,18458539.0,18.0,20.25055555555556,1025474.3888888888,-0.8307297229523269,-0.9306261932247943,daily_table_sum_divide_by_active_days
Currency Derivatives,Options,2024,May-2024,2024-05-01,Q2-2024,FY 2024-25,Q1,7.87,696361.0,20.0,0.3935,34818.05,-0.9805684343365065,-0.9660468848590887,daily_table_sum_divide_by_active_days
Currency Derivatives,Options,2024,Jun-2024,2024-06-01,Q2-2024,FY 2024-25,Q1,3.39,468730.0,19.0,0.1784210526315789,24670.0,-0.5465792817494819,-0.29145945852797617,daily_table_sum_divide_by_active_days
Currency Derivatives,Options,2024,Jul-2024,2024-07-01,Q3-2024,FY 2024-25,Q2,1.4600000000000002,240260.0,22.0,0.0663636363636363,10920.90909090909,-0.6280504156610354,-0.557320263846409,daily_table_sum_divide_by_active_days
Currency Derivatives,Options,2024,Aug-2024,2024-08-01,Q3-2024,FY 2024-25,Q2,1.4500000000000002,222163.0,21.0,0.069047619047619,10579.190476190475,0.04044357469015014,-0.031290308514981824,daily_table_sum_divide_by_active_days
Currency Derivatives,Options,2024,Sep-2024,2024-09-01,Q3-2024,FY 2024-25,Q2,1.08,197761.0,20.0,0.054,9888.05,-0.21793103448275808,-0.06533018549443426,daily_table_sum_divide_by_active_days
Currency Derivatives,Options,2024,Oct-2024,2024-10-01,Q4-2024,FY 2024-25,Q3,1.2700000000000002,152312.0,22.0,0.0577272727272727,6923.272727272727,0.06902356902356854,-0.29983437307935057,daily_table_sum_divide_by_active_days
Currency Derivatives,Options,2024,Nov-2024,2024-11-01,Q4-2024,FY 2024-25,Q3,1.08,149489.0,19.0,0.0568421052631578,7867.842105263157,-0.01533360961458885,0.1364339403053565,daily_table_sum_divide_by_active_days
Currency Derivatives,Options,2024,Dec-2024,2024-12-01,Q4-2024,FY 2024-25,Q3,1.1700000000000004,117594.0,21.0,0.0557142857142857,5599.714285714285,-0.01984126984126844,-0.2882782584098399,daily_table_sum_divide_by_active_days
Currency Derivatives,Options,2025,Jan-2025,2025-01-01,Q1-2025,FY 2024-25,Q4,1.4300000000000002,119787.0,23.0,0.0621739130434782,5208.130434782609,0.11594202898550643,-0.0699292554855282,daily_table_sum_divide_by_active_days
Currency Derivatives,Options,2025,Feb-2025,2025-02-01,Q1-2025,FY 2024-25,Q4,1.13,98058.0,18.0,0.0627777777777777,5447.666666666667,0.009712509712509476,0.045992748239235715,daily_table_sum_divide_by_active_days
Currency Derivatives,Options,2025,Mar-2025,2025-03-01,Q1-2025,FY 2024-25,Q4,1.2100000000000002,58962.0,19.0,0.0636842105263158,3103.2631578947367,0.014438751746624678,-0.43035002914494225,daily_table_sum_divide_by_active_days
Currency Derivatives,Options,2025,Apr-2025,2025-04-01,Q2-2025,FY 2025-26,Q1,2.02,95695.0,18.0,0.1122222222222222,5316.388888888889,0.7621671258034888,0.7131608305160764,daily_table_sum_divide_by_active_days
Currency Derivatives,Options,2025,May-2025,2025-05-01,Q2-2025,FY 2025-26,Q1,2.41,115746.0,20.0,0.1205,5787.3,0.07376237623762405,0.0885772506400544,daily_table_sum_divide_by_active_days
Currency Derivatives,Options,2025,Jun-2025,2025-06-01,Q2-2025,FY 2025-26,Q1,2.42,145853.0,21.0,0.1152380952380952,6945.380952380952,-0.04366725943489458,0.200107295695912,daily_table_sum_divide_by_active_days
Currency Derivatives,Options,2025,Jul-2025,2025-07-01,Q3-2025,FY 2025-26,Q2,1.3800000000000003,77993.0,23.0,0.06,3391.0,-0.47933884297520646,-0.5117618424029673,daily_table_sum_divide_by_active_days
Currency Derivatives,Options,2025,Aug-2025,2025-08-01,Q3-2025,FY 2025-26,Q2,2.4700000000000006,121237.0,19.0,0.13,6380.894736842105,1.166666666666667,0.8817147557776777,daily_table_sum_divide_by_active_days
Currency Derivatives,Options,2025,Sep-2025,2025-09-01,Q3-2025,FY 2025-26,Q2,1.5199999999999998,100486.0,21.0,0.0723809523809523,4785.047619047619,-0.44322344322344387,-0.2500977031607119,daily_table_sum_divide_by_active_days
Currency Derivatives,Options,2025,Oct-2025,2025-10-01,Q4-2025,FY 2025-26,Q3,1.1900000000000002,68094.0,21.0,0.0566666666666666,3242.5714285714284,-0.2171052631578947,-0.3223533626574847,daily_table_sum_divide_by_active_days
Currency Derivatives,Options,2025,Nov-2025,2025-11-01,Q4-2025,FY 2025-26,Q3,1.1700000000000002,73535.0,19.0,0.061578947368421,3870.2631578947367,0.08668730650154832,0.1935783815870631,daily_table_sum_divide_by_active_days
Currency Derivatives,Options,2025,Dec-2025,2025-12-01,Q4-2025,FY 2025-26,Q3,2.17,113477.0,22.0,0.0986363636363636,5158.045454545455,0.6017871017871028,0.33273765739258376,daily_table_sum_divide_by_active_days
Currency Derivatives,Options,2026,Jan-2026,2026-01-01,Q1-2026,FY 2025-26,Q4,0.9900000000000002,62578.0,20.0,0.0495,3128.9,-0.4981566820276496,-0.3933942561047613,daily_table_sum_divide_by_active_days
Currency Derivatives,Options,2026,Feb-2026,2026-02-01,Q1-2026,FY 2025-26,Q4,1.85,108151.0,19.0,0.0973684210526315,5692.1578947368425,0.9670388091440707,0.8192201395815917,daily_table_sum_divide_by_active_days
Currency Derivatives,Options,2026,Mar-2026,2026-03-01,Q1-2026,FY 2025-26,Q4,2.5200000000000005,96554.0,18.0,0.14,5364.111111111111,0.43783783783783914,-0.05763135698133992,daily_table_sum_divide_by_active_days
Currency Derivatives,Options,2026,Apr-2026,2026-04-01,Q2-2026,FY 2026-27,Q1,1.77,98134.0,19.0,0.0931578947368421,5164.9473684210525,-0.33458646616541354,-0.037128936847992455,daily_table_sum_divide_by_active_days
Equity Derivatives,Futures,2015,Apr-2015,2015-04-01,Q2-2015,FY 2015-16,Q1,385460.94,14679474.0,19.0,20287.41789473684,772603.8947368421,,,daily_table_sum_divide_by_active_days
Equity Derivatives,Futures,2015,May-2015,2015-05-01,Q2-2015,FY 2015-16,Q1,376621.81,14755172.0,20.0,18831.0905,737758.6,-0.07178475852832189,-0.0451011119335748,daily_table_sum_divide_by_active_days
Equity Derivatives,Futures,2015,Jun-2015,2015-06-01,Q2-2015,FY 2015-16,Q1,403908.4,15854662.0,22.0,18359.47272727273,720666.4545454546,-0.025044634177041947,-0.023167666841898416,daily_table_sum_divide_by_active_days
Equity Derivatives,Futures,2015,Jul-2015,2015-07-01,Q3-2015,FY 2015-16,Q2,391735.77,14788998.0,23.0,17031.989999999998,642999.9130434783,-0.07230505728526582,-0.10777044083585507,daily_table_sum_divide_by_active_days
Equity Derivatives,Futures,2015,Aug-2015,2015-08-01,Q3-2015,FY 2015-16,Q2,435122.2699999999,17167223.0,21.0,20720.10809523809,817486.8095238095,0.21654064470670153,0.27136379483232176,daily_table_sum_divide_by_active_days
Equity Derivatives,Futures,2015,Sep-2015,2015-09-01,Q3-2015,FY 2015-16,Q2,458216.34,18492423.0,20.0,22910.817,924621.15,0.10572864266404958,0.13105329557378043,daily_table_sum_divide_by_active_days
Equity Derivatives,Futures,2015,Oct-2015,2015-10-01,Q4-2015,FY 2015-16,Q3,335581.91,11502566.0,20.0,16779.0955,575128.3,-0.2676343449471924,-0.37798491847174376,daily_table_sum_divide_by_active_days
Equity Derivatives,Futures,2015,Nov-2015,2015-11-01,Q4-2015,FY 2015-16,Q3,289437.9,5139890.0,19.0,15233.573684210523,270520.5263157895,-0.09210996002671756,-0.5296344723155,daily_table_sum_divide_by_active_days
Equity Derivatives,Futures,2015,Dec-2015,2015-12-01,Q4-2015,FY 2015-16,Q3,300357.35,5397473.0,22.0,13652.606818181815,245339.68181818185,-0.10378174542637797,-0.09308293474267837,daily_table_sum_divide_by_active_days
Equity Derivatives,Futures,2016,Jan-2016,2016-01-01,Q1-2016,FY 2015-16,Q4,379135.85,7151353.0,20.0,18956.792500000003,357567.65,0.38851083550976906,0.4574391201215826,daily_table_sum_divide_by_active_days
Equity Derivatives,Futures,2016,Feb-2016,2016-02-01,Q1-2016,FY 2015-16,Q4,422228.32000000007,8444204.0,21.0,20106.11047619048,402104.9523809524,0.060628293324964,0.1245562969159888,daily_table_sum_divide_by_active_days
Equity Derivatives,Futures,2016,Mar-2016,2016-03-01,Q1-2016,FY 2015-16,Q4,379306.78,7165236.0,20.0,18965.339,358261.8,-0.05673755137978442,-0.10903410197100893,daily_table_sum_divide_by_active_days
Equity Derivatives,Futures,2016,Apr-2016,2016-04-01,Q2-2016,FY 2016-17,Q1,333438.87999999995,6059350.0,18.0,18524.38222222222,336630.5555555556,-0.023250666796822417,-0.0603783167628934,daily_table_sum_divide_by_active_days
Equity Derivatives,Futures,2016,May-2016,2016-05-01,Q2-2016,FY 2016-17,Q1,401893.32,7166531.0,22.0,18267.87818181818,325751.4090909091,-0.013846833720388751,-0.03231776285635213,daily_table_sum_divide_by_active_days
Equity Derivatives,Futures,2016,Jun-2016,2016-06-01,Q2-2016,FY 2016-17,Q1,400891.8,6831756.0,22.0,18222.354545454546,310534.36363636365,-0.002492004594652153,-0.04671367499840584,daily_table_sum_divide_by_active_days
Equity Derivatives,Futures,2016,Jul-2016,2016-07-01,Q3-2016,FY 2016-17,Q2,317459.98000000004,4701956.0,20.0,15872.999000000002,235097.8,-0.12892711200378748,-0.2429250107878561,daily_table_sum_divide_by_active_days
Equity Derivatives,Futures,2016,Aug-2016,2016-08-01,Q3-2016,FY 2016-17,Q2,389296.7,5681464.0,22.0,17695.304545454546,258248.36363636365,0.11480537140174607,0.09847205561414718,daily_table_sum_divide_by_active_days
Equity Derivatives,Futures,2016,Sep-2016,2016-09-01,Q3-2016,FY 2016-17,Q2,377094.9000000001,5343280.0,20.0,18854.745000000003,267164.0,0.06552249222765072,0.03452349605665006,daily_table_sum_divide_by_active_days
Equity Derivatives,Futures,2016,Oct-2016,2016-10-01,Q4-2016,FY 2016-17,Q3,314166.43999999994,4527265.0,19.0,16535.07578947368,238277.1052631579,-0.12302840534445414,-0.10812420362340025,daily_table_sum_divide_by_active_days
Equity Derivatives,Futures,2016,Nov-2016,2016-11-01,Q4-2016,FY 2016-17,Q3,438924.57,6602274.0,21.0,20901.17,314394.0,0.26405045045549747,0.3194469508632696,daily_table_sum_divide_by_active_days
Equity Derivatives,Futures,2016,Dec-2016,2016-12-01,Q4-2016,FY 2016-17,Q3,338543.06999999995,5199107.0,22.0,15388.321363636362,236323.04545454544,-0.26375789663275484,-0.24832202441985074,daily_table_sum_divide_by_active_days
Equity Derivatives,Futures,2017,Jan-2017,2017-01-01,Q1-2017,FY 2016-17,Q4,324469.30000000005,4792429.0,21.0,15450.91904761905,228210.9047619048,0.004067869555324677,-0.03432649015265399,daily_table_sum_divide_by_active_days
Equity Derivatives,Futures,2017,Feb-2017,2017-02-01,Q1-2017,FY 2016-17,Q4,351772.92,4881690.0,19.0,18514.36421052632,256931.05263157896,0.19826944620354725,0.12584914774181466,daily_table_sum_divide_by_active_days
Equity Derivatives,Futures,2017,Mar-2017,2017-03-01,Q1-2017,FY 2016-17,Q4,347988.9,4747968.0,22.0,15817.677272727273,215816.7272727273,-0.14565376953456766,-0.16002084970946162,daily_table_sum_divide_by_active_days
Equity Derivatives,Futures,2017,Apr-2017,2017-04-01,Q2-2017,FY 2017-18,Q1,314579.86,4174077.0,18.0,17476.658888888887,231893.16666666663,0.10488149350613063,0.07449116478178985,daily_table_sum_divide_by_active_days
Equity Derivatives,Futures,2017,May-2017,2017-05-01,Q2-2017,FY 2017-18,Q1,375948.82000000007,4816269.0,22.0,17088.58272727273,218921.3181818181,-0.02220539772981922,-0.055938899241023465,daily_table_sum_divide_by_active_days
Equity Derivatives,Futures,2017,Jun-2017,2017-06-01,Q2-2017,FY 2017-18,Q1,322143.6,4052219.0,21.0,15340.171428571428,192962.8095238096,-0.10231458785115655,-0.11857460421670518,daily_table_sum_divide_by_active_days
Equity Derivatives,Futures,2017,Jul-2017,2017-07-01,Q3-2017,FY 2017-18,Q2,346731.68,4224510.0,21.0,16511.03238095238,201167.14285714287,0.07632645813854433,0.04251769215829615,daily_table_sum_divide_by_active_days
Equity Derivatives,Futures,2017,Aug-2017,2017-08-01,Q3-2017,FY 2017-18,Q2,399317.44,4789537.0,21.0,19015.116190476187,228073.19047619047,0.15166124999019392,0.13374971298446447,daily_table_sum_divide_by_active_days
Equity Derivatives,Futures,2017,Sep-2017,2017-09-01,Q3-2017,FY 2017-18,Q2,369891.06000000006,4467175.0,21.0,17613.860000000004,212722.61904761905,-0.07369169751263516,-0.06730546188493791,daily_table_sum_divide_by_active_days
Equity Derivatives,Futures,2017,Oct-2017,2017-10-01,Q4-2017,FY 2017-18,Q3,358296.2699999999,4238220.0,20.0,17914.813499999997,211911.0,0.017086175318754115,-0.003815386681739641,daily_table_sum_divide_by_active_days
Equity Derivatives,Futures,2017,Nov-2017,2017-11-01,Q4-2017,FY 2017-18,Q3,377959.25,4378831.0,22.0,17179.965909090908,199037.7727272728,-0.0410189919593128,-0.06074827296708152,daily_table_sum_divide_by_active_days
Equity Derivatives,Futures,2017,Dec-2017,2017-12-01,Q4-2017,FY 2017-18,Q3,406555.82,4769247.0,20.0,20327.791,238462.35,0.1832265039154355,0.19807585631872948,daily_table_sum_divide_by_active_days
Equity Derivatives,Futures,2018,Jan-2018,2018-01-01,Q1-2018,FY 2017-18,Q4,450375.5,5031029.0,22.0,20471.61363636364,228683.13636363635,0.007075172917885508,-0.04100946600737454,daily_table_sum_divide_by_active_days
Equity Derivatives,Futures,2018,Feb-2018,2018-02-01,Q1-2018,FY 2017-18,Q4,556256.2,6420118.0,19.0,29276.64210526316,337900.94736842107,0.4301091562835666,0.47759451239602546,daily_table_sum_divide_by_active_days
Equity Derivatives,Futures,2018,Mar-2018,2018-03-01,Q1-2018,FY 2017-18,Q4,532398.8400000001,6313352.0,19.0,28020.99157894737,332281.6842105263,-0.042889157909610676,-0.01662991240970968,daily_table_sum_divide_by_active_days
Equity Derivatives,Futures,2018,Apr-2018,2018-04-01,Q2-2018,FY 2018-19,Q1,433691.28,4993824.0,21.0,20651.96571428572,237801.14285714287,-0.2629823375057905,-0.2843386976861555,daily_table_sum_divide_by_active_days
Equity Derivatives,Futures,2018,May-2018,2018-05-01,Q2-2018,FY 2018-19,Q1,446740.88,4991448.0,22.0,20306.40363636364,226884.0,-0.016732648247766657,-0.04590870643418754,daily_table_sum_divide_by_active_days
Equity Derivatives,Futures,2018,Jun-2018,2018-06-01,Q2-2018,FY 2018-19,Q1,468591.0500000001,5182508.0,21.0,22313.85952380953,246786.09523809524,0.09885826773634321,0.08771925405976289,daily_table_sum_divide_by_active_days
Equity Derivatives,Futures,2018,Jul-2018,2018-07-01,Q3-2018,FY 2018-19,Q2,429456.7799999999,4672793.0,22.0,19520.76272727272,212399.68181818185,-0.12517318187633553,-0.1393369159909027,daily_table_sum_divide_by_active_days
Equity Derivatives,Futures,2018,Aug-2018,2018-08-01,Q3-2018,FY 2018-19,Q2,394229.11,4086103.0,21.0,18772.81476190476,194576.3333333333,-0.03831550927684757,-0.08391419578540449,daily_table_sum_divide_by_active_days
Equity Derivatives,Futures,2018,Sep-2018,2018-09-01,Q3-2018,FY 2018-19,Q2,540039.57,5832447.0,18.0,30002.19833333333,324024.8333333333,0.5981726083089096,0.6652838902984091,daily_table_sum_divide_by_active_days
Equity Derivatives,Futures,2018,Oct-2018,2018-10-01,Q4-2018,FY 2018-19,Q3,667269.8699999998,8230210.0,21.0,31774.755714285704,391914.7619047619,0.05908091671346005,0.209520757631525,daily_table_sum_divide_by_active_days
Equity Derivatives,Futures,2018,Nov-2018,2018-11-01,Q4-2018,FY 2018-19,Q3,441854.54,6717256.0,20.0,22092.727000000003,335862.8,-0.3047082029943894,-0.14302079776822219,daily_table_sum_divide_by_active_days
Equity Derivatives,Futures,2018,Dec-2018,2018-12-01,Q4-2018,FY 2018-19,Q3,432193.72,6343194.0,20.0,21609.686,317159.7,-0.02186425424077354,-0.05568672684203191,daily_table_sum_divide_by_active_days
Equity Derivatives,Futures,2019,Jan-2019,2019-01-01,Q1-2019,FY 2018-19,Q4,472303.37,6852010.0,23.0,20534.92913043478,297913.4782608696,-0.04973496003436706,-0.06068306200040674,daily_table_sum_divide_by_active_days
Equity Derivatives,Futures,2019,Feb-2019,2019-02-01,Q1-2019,FY 2018-19,Q4,413439.9199999999,5953512.0,20.0,20671.996,297675.6,0.0066748158074756425,-0.0007984810296544076,daily_table_sum_divide_by_active_days
Equity Derivatives,Futures,2019,Mar-2019,2019-03-01,Q1-2019,FY 2018-19,Q4,429104.38,5969217.0,19.0,22584.44105263158,314169.3157894737,0.09251380721201685,0.055408356578348084,daily_table_sum_divide_by_active_days
Equity Derivatives,Futures,2019,Apr-2019,2019-04-01,Q2-2019,FY 2019-20,Q1,406219.33,5521413.0,19.0,21379.964736842107,290600.6842105263,-0.05333212865363901,-0.0750188843863443,daily_table_sum_divide_by_active_days
Equity Derivatives,Futures,2019,May-2019,2019-05-01,Q2-2019,FY 2019-20,Q1,588153.4699999999,7895357.0,22.0,26734.24863636363,358879.86363636365,0.2504346459606168,0.2349587703529712,daily_table_sum_divide_by_active_days
Equity Derivatives,Futures,2019,Jun-2019,2019-06-01,Q2-2019,FY 2019-20,Q1,453615.68,6004647.0,19.0,23874.50947368421,316034.05263157893,-0.10696912419635518,-0.11938761503821338,daily_table_sum_divide_by_active_days
Equity Derivatives,Futures,2019,Jul-2019,2019-07-01,Q3-2019,FY 2019-20,Q2,508569.98,6896920.0,23.0,22111.73826086957,299866.0869565217,-0.07383486620982371,-0.05115893537556615,daily_table_sum_divide_by_active_days
Equity Derivatives,Futures,2019,Aug-2019,2019-08-01,Q3-2019,FY 2019-20,Q2,606553.7999999999,8743443.0,20.0,30327.689999999995,437172.15,0.3715651678850562,0.4578912688562431,daily_table_sum_divide_by_active_days
Equity Derivatives,Futures,2019,Sep-2019,2019-09-01,Q3-2019,FY 2019-20,Q2,640331.26,9192584.0,19.0,33701.645263157894,483820.2105263158,0.11124999177840111,0.10670409934922831,daily_table_sum_divide_by_active_days
Equity Derivatives,Futures,2019,Oct-2019,2019-10-01,Q4-2019,FY 2019-20,Q3,580595.72,8317454.0,20.0,29029.786,415872.7,-0.138624070922291,-0.1404395869540055,daily_table_sum_divide_by_active_days
Equity Derivatives,Futures,2019,Nov-2019,2019-11-01,Q4-2019,FY 2019-20,Q3,477983.48,6438144.0,20.0,23899.174,321907.2,-0.17673612888500112,-0.2259477479526788,daily_table_sum_divide_by_active_days
Equity Derivatives,Futures,2019,Dec-2019,2019-12-01,Q4-2019,FY 2019-20,Q3,411240.89,5400188.0,21.0,19582.899523809523,257151.8095238096,-0.18060350019588445,-0.2011616716749125,daily_table_sum_divide_by_active_days
Equity Derivatives,Futures,2020,Jan-2020,2020-01-01,Q1-2020,FY 2019-20,Q4,543290.3099999999,7217406.0,23.0,23621.31782608696,313800.26086956525,0.2062216730146318,0.22029186359083575,daily_table_sum_divide_by_active_days
Equity Derivatives,Futures,2020,Feb-2020,2020-02-01,Q1-2020,FY 2019-20,Q4,539316.65,7188853.0,20.0,26965.8325,359442.65,0.1415888266072698,0.14545044992619238,daily_table_sum_divide_by_active_days
Equity Derivatives,Futures,2020,Mar-2020,2020-03-01,Q1-2020,FY 2019-20,Q4,921441.47,15656129.0,21.0,43878.16523809523,745529.9523809524,0.6271763624614679,1.0741276873541645,daily_table_sum_divide_by_active_days
Equity Derivatives,Futures,2020,Apr-2020,2020-04-01,Q2-2020,FY 2020-21,Q1,594715.51,11339332.0,18.0,33039.750555555554,629962.8888888889,-0.24701157452066191,-0.1550133071420997,daily_table_sum_divide_by_active_days
Equity Derivatives,Futures,2020,May-2020,2020-05-01,Q2-2020,FY 2020-21,Q1,640625.0099999999,12843909.0,19.0,33717.10578947368,675995.2105263158,0.020501221181411955,0.07307148158936405,daily_table_sum_divide_by_active_days
Equity Derivatives,Futures,2020,Jun-2020,2020-06-01,Q2-2020,FY 2020-21,Q1,859740.81,15478384.0,22.0,39079.12772727273,703562.9090909091,0.1590297213313323,0.0407809081119519,daily_table_sum_divide_by_active_days
Equity Derivatives,Futures,2020,Jul-2020,2020-07-01,Q3-2020,FY 2020-21,Q2,777191.3199999998,11772248.0,23.0,33790.92695652173,511836.8695652174,-0.13532033794757514,-0.27250731533506445,daily_table_sum_divide_by_active_days
Equity Derivatives,Futures,2020,Aug-2020,2020-08-01,Q3-2020,FY 2020-21,Q2,621182.6,9211071.0,21.0,29580.123809523808,438622.4285714286,-0.12461342514858798,-0.1430425304374443,daily_table_sum_divide_by_active_days
Equity Derivatives,Futures,2020,Sep-2020,2020-09-01,Q3-2020,FY 2020-21,Q2,740669.2999999999,11161701.0,22.0,33666.78636363636,507350.0454545455,0.13815569469647682,0.1566897003123151,daily_table_sum_divide_by_active_days
Equity Derivatives,Futures,2020,Oct-2020,2020-10-01,Q4-2020,FY 2020-21,Q3,739099.34,10631893.0,21.0,35195.206666666665,506280.6190476191,0.04539846145461501,-0.002107866977656969,daily_table_sum_divide_by_active_days
Equity Derivatives,Futures,2020,Nov-2020,2020-11-01,Q4-2020,FY 2020-21,Q3,826340.63,10516563.0,20.0,41317.0315,525828.15,0.173939164253617,0.03861007160248886,daily_table_sum_divide_by_active_days
Equity Derivatives,Futures,2020,Dec-2020,2020-12-01,Q4-2020,FY 2020-21,Q3,691462.6499999999,7989064.0,22.0,31430.12045454545,363139.2727272727,-0.2392938380738836,-0.30939552641433765,daily_table_sum_divide_by_active_days
Equity Derivatives,Futures,2021,Jan-2021,2021-01-01,Q1-2021,FY 2020-21,Q4,732707.0700000001,8016190.0,20.0,36635.353500000005,400809.5,0.16561288885234826,0.1037349306501989,daily_table_sum_divide_by_active_days
Equity Derivatives,Futures,2021,Feb-2021,2021-02-01,Q1-2021,FY 2020-21,Q4,910712.09,9283472.0,20.0,45535.6045,464173.6,0.24294158919471043,0.1580903147255741,daily_table_sum_divide_by_active_days
Equity Derivatives,Futures,2021,Mar-2021,2021-03-01,Q1-2021,FY 2020-21,Q4,913199.32,9355799.0,21.0,43485.6819047619,445514.2380952381,-0.04501801651141146,-0.040199102027262845,daily_table_sum_divide_by_active_days
Equity Derivatives,Futures,2021,Apr-2021,2021-04-01,Q2-2021,FY 2021-22,Q1,724984.0299999999,7756774.0,19.0,38157.05421052631,408251.2631578947,-0.12253752179638877,-0.08364036825547572,daily_table_sum_divide_by_active_days
Equity Derivatives,Futures,2021,May-2021,2021-05-01,Q2-2021,FY 2021-22,Q1,612520.3300000001,6387638.0,20.0,30626.016500000005,319381.9,-0.1973694737799946,-0.21768300842592547,daily_table_sum_divide_by_active_days
Equity Derivatives,Futures,2021,Jun-2021,2021-06-01,Q2-2021,FY 2021-22,Q1,571272.26,6012511.0,22.0,25966.92090909091,273295.95454545453,-0.15212868415025815,-0.14429729879666153,daily_table_sum_divide_by_active_days
Equity Derivatives,Futures,2021,Jul-2021,2021-07-01,Q3-2021,FY 2021-22,Q2,517526.85,6217505.0,21.0,24644.135714285712,296071.6666666667,-0.050941164700898156,0.08333717255014883,daily_table_sum_divide_by_active_days
Equity Derivatives,Futures,2021,Aug-2021,2021-08-01,Q3-2021,FY 2021-22,Q2,544069.08,6341929.0,21.0,25908.051428571427,301996.61904761905,0.05128667237265083,0.02001188579663382,daily_table_sum_divide_by_active_days
Equity Derivatives,Futures,2021,Sep-2021,2021-09-01,Q3-2021,FY 2021-22,Q2,628543.7599999999,6953668.0,21.0,29930.655238095234,331127.04761904763,0.1552646219116145,0.09645945263657163,daily_table_sum_divide_by_active_days
Equity Derivatives,Futures,2021,Oct-2021,2021-10-01,Q4-2021,FY 2021-22,Q3,687872.94,7316983.0,20.0,34393.647,365849.15,0.1491110610977986,0.10486036290487277,daily_table_sum_divide_by_active_days
Equity Derivatives,Futures,2021,Nov-2021,2021-11-01,Q4-2021,FY 2021-22,Q3,662962.28,7258451.0,20.0,33148.114,362922.55,-0.03621404266898465,-0.007999471913492262,daily_table_sum_divide_by_active_days
Equity Derivatives,Futures,2021,Dec-2021,2021-12-01,Q4-2021,FY 2021-22,Q3,745600.32,8505901.0,23.0,32417.4052173913,369821.7826086957,-0.022043751346115803,0.019010206471589353,daily_table_sum_divide_by_active_days
Equity Derivatives,Futures,2022,Jan-2022,2022-01-01,Q1-2022,FY 2021-22,Q4,761671.59,8371235.0,20.0,38083.5795,418561.75,0.1747880265126498,0.13179312221009853,daily_table_sum_divide_by_active_days
Equity Derivatives,Futures,2022,Feb-2022,2022-02-01,Q1-2022,FY 2021-22,Q4,953261.52,10665167.0,20.0,47663.076,533258.35,0.2515387635765698,0.27402551714293044,daily_table_sum_divide_by_active_days
Equity Derivatives,Futures,2022,Mar-2022,2022-03-01,Q1-2022,FY 2021-22,Q4,1019093.31,11875220.0,21.0,48528.25285714286,565486.6666666666,0.018151930797392524,0.06043659075693175,daily_table_sum_divide_by_active_days
Equity Derivatives,Futures,2022,Apr-2022,2022-04-01,Q2-2022,FY 2022-23,Q1,822528.5299999999,9169641.0,19.0,43290.97526315789,482612.6842105263,-0.10792223675149482,-0.1465533801966572,daily_table_sum_divide_by_active_days
Equity Derivatives,Futures,2022,May-2022,2022-05-01,Q2-2022,FY 2022-23,Q1,902431.5,10821703.0,21.0,42972.92857142857,515319.1904761905,-0.007346720414496799,0.06776967812018153,daily_table_sum_divide_by_active_days
Equity Derivatives,Futures,2022,Jun-2022,2022-06-01,Q2-2022,FY 2022-23,Q1,849300.1399999999,10419989.0,22.0,38604.55181818181,473635.8636363637,-0.10165415526627997,-0.08088836513406084,daily_table_sum_divide_by_active_days
Equity Derivatives,Futures,2022,Jul-2022,2022-07-01,Q3-2022,FY 2022-23,Q2,735914.7900000002,8727699.0,21.0,35043.56142857143,415604.7142857143,-0.09224275951659255,-0.12252270954549815,daily_table_sum_divide_by_active_days
Equity Derivatives,Futures,2022,Aug-2022,2022-08-01,Q3-2022,FY 2022-23,Q2,743531.5599999999,8116257.0,20.0,37176.578,405812.85,0.06086757408422239,-0.023560522653221838,daily_table_sum_divide_by_active_days
Equity Derivatives,Futures,2022,Sep-2022,2022-09-01,Q3-2022,FY 2022-23,Q2,934912.34,10068930.0,22.0,42496.01545454545,457678.6363636364,0.14308572065308023,0.12780715633730289,daily_table_sum_divide_by_active_days
Equity Derivatives,Futures,2022,Oct-2022,2022-10-01,Q4-2022,FY 2022-23,Q3,718960.8600000001,7767856.0,19.0,37840.0452631579,408834.5263157895,-0.10956251172224984,-0.10672141141637015,daily_table_sum_divide_by_active_days
Equity Derivatives,Futures,2022,Nov-2022,2022-11-01,Q4-2022,FY 2022-23,Q3,618742.5,6325491.0,21.0,29463.92857142857,301213.8571428572,-0.22135588457883137,-0.2632377214878485,daily_table_sum_divide_by_active_days
Equity Derivatives,Futures,2022,Dec-2022,2022-12-01,Q4-2022,FY 2022-23,Q3,752722.1600000001,7630570.0,22.0,34214.643636363646,346844.0909090909,0.16123834448682062,0.15148783060333293,daily_table_sum_divide_by_active_days
Equity Derivatives,Futures,2023,Jan-2023,2023-01-01,Q1-2023,FY 2022-23,Q4,790757.28,8155396.0,21.0,37655.10857142857,388352.1904761905,0.10055533448281673,0.11967365353783421,daily_table_sum_divide_by_active_days
Equity Derivatives,Futures,2023,Feb-2023,2023-02-01,Q1-2023,FY 2022-23,Q4,776179.4400000001,8116335.0,20.0,38808.972,405816.75,0.030642945203109617,0.044970930902680895,daily_table_sum_divide_by_active_days
Equity Derivatives,Futures,2023,Mar-2023,2023-03-01,Q1-2023,FY 2022-23,Q4,874703.6099999999,9417515.0,21.0,41652.55285714285,448453.09523809527,0.07327122339501413,0.10506304936426414,daily_table_sum_divide_by_active_days
Equity Derivatives,Futures,2023,Apr-2023,2023-04-01,Q2-2023,FY 2023-24,Q1,487494.7400000001,5082257.0,17.0,28676.161176470592,298956.29411764705,-0.31153892836239405,-0.33336106430724155,daily_table_sum_divide_by_active_days
Equity Derivatives,Futures,2023,May-2023,2023-05-01,Q2-2023,FY 2023-24,Q1,602097.6000000001,6084544.0,22.0,27368.07272727273,276570.1818181818,-0.04561588425828689,-0.07488088640360158,daily_table_sum_divide_by_active_days
Equity Derivatives,Futures,2023,Jun-2023,2023-06-01,Q2-2023,FY 2023-24,Q1,517883.75,5378134.0,21.0,24661.13095238096,256101.61904761905,-0.09890874676733297,-0.07400856678041623,daily_table_sum_divide_by_active_days
Equity Derivatives,Futures,2023,Jul-2023,2023-07-01,Q3-2023,FY 2023-24,Q2,588444.94,7246335.0,21.0,28021.187619047618,345063.5714285714,0.13624909065016966,0.3473697382772538,daily_table_sum_divide_by_active_days
Equity Derivatives,Futures,2023,Aug-2023,2023-08-01,Q3-2023,FY 2023-24,Q2,610658.11,7739042.0,22.0,27757.186818181817,351774.63636363635,-0.009421470797559728,0.019448778401269573,daily_table_sum_divide_by_active_days
Equity Derivatives,Futures,2023,Sep-2023,2023-09-01,Q3-2023,FY 2023-24,Q2,550449.93,6817782.0,20.0,27522.4965,340889.1,-0.008455119019053048,-0.030944631131346823,daily_table_sum_divide_by_active_days
Equity Derivatives,Futures,2023,Oct-2023,2023-10-01,Q4-2023,FY 2023-24,Q3,504265.1600000001,6291425.0,20.0,25213.258000000005,314571.25,-0.08390367131121246,-0.07720355388306632,daily_table_sum_divide_by_active_days
Equity Derivatives,Futures,2023,Nov-2023,2023-11-01,Q4-2023,FY 2023-24,Q3,477592.68,5995898.0,21.0,22742.50857142857,285518.9523809524,-0.09799405648295967,-0.09235522196973678,daily_table_sum_divide_by_active_days
Equity Derivatives,Futures,2023,Dec-2023,2023-12-01,Q4-2023,FY 2023-24,Q3,664523.87,7559117.0,20.0,33226.1935,377955.85,0.46097311102004346,0.32375047907752896,daily_table_sum_divide_by_active_days
Equity Derivatives,Futures,2024,Jan-2024,2024-01-01,Q1-2024,FY 2023-24,Q4,848628.8200000002,9753552.0,22.0,38574.03727272728,443343.2727272727,0.1609526463730273,0.1730028063523099,daily_table_sum_divide_by_active_days
Equity Derivatives,Futures,2024,Feb-2024,2024-02-01,Q1-2024,FY 2023-24,Q4,839361.05,9709411.0,21.0,39969.57380952381,462352.90476190473,0.03617813004456272,0.042877907941835325,daily_table_sum_divide_by_active_days
Equity Derivatives,Futures,2024,Mar-2024,2024-03-01,Q1-2024,FY 2023-24,Q4,725716.5199999999,8168692.0,19.0,38195.60631578947,429931.15789473685,-0.04438294744367899,-0.07012337660961365,daily_table_sum_divide_by_active_days
Equity Derivatives,Futures,2024,Apr-2024,2024-04-01,Q2-2024,FY 2024-25,Q1,693063.84,7887086.0,20.0,34653.191999999995,394354.3,-0.09274402627626555,-0.0827501269481088,daily_table_sum_divide_by_active_days
Equity Derivatives,Futures,2024,May-2024,2024-05-01,Q2-2024,FY 2024-25,Q1,806652.3099999999,12867642.0,22.0,36666.01409090909,584892.8181818182,0.05808475279590675,0.48316581860985974,daily_table_sum_divide_by_active_days
Equity Derivatives,Futures,2024,Jun-2024,2024-06-01,Q2-2024,FY 2024-25,Q1,983344.45,15202595.0,19.0,51754.97105263158,800136.5789473684,0.41152433215978124,0.36800547737045397,daily_table_sum_divide_by_active_days
Equity Derivatives,Futures,2024,Jul-2024,2024-07-01,Q3-2024,FY 2024-25,Q2,825104.39,12229978.0,22.0,37504.745,555908.0909090909,-0.275340238102732,-0.30523349946027456,daily_table_sum_divide_by_active_days
Equity Derivatives,Futures,2024,Aug-2024,2024-08-01,Q3-2024,FY 2024-25,Q2,752883.1299999999,11319796.0,21.0,35851.57761904762,539037.9047619047,-0.04407888604368293,-0.030347077912821763,daily_table_sum_divide_by_active_days
Equity Derivatives,Futures,2024,Sep-2024,2024-09-01,Q3-2024,FY 2024-25,Q2,712659.2299999999,10390629.0,21.0,33936.15380952381,494791.8571428572,-0.053426485993915196,-0.08208336970030183,daily_table_sum_divide_by_active_days
Equity Derivatives,Futures,2024,Oct-2024,2024-10-01,Q4-2024,FY 2024-25,Q3,761217.6299999999,11266376.0,22.0,34600.80136363636,512108.0,0.01958523519910571,0.03499682261776438,daily_table_sum_divide_by_active_days
Equity Derivatives,Futures,2024,Nov-2024,2024-11-01,Q4-2024,FY 2024-25,Q3,634368.0,9684443.0,19.0,33387.78947368421,509707.5263157895,-0.03505733515255982,-0.004687436408356227,daily_table_sum_divide_by_active_days
Equity Derivatives,Futures,2024,Dec-2024,2024-12-01,Q4-2024,FY 2024-25,Q3,633443.88,9342927.0,21.0,30163.994285714285,444901.28571428574,-0.09655611344113924,-0.12714397425113366,daily_table_sum_divide_by_active_days
Equity Derivatives,Futures,2025,Jan-2025,2025-01-01,Q1-2025,FY 2024-25,Q4,714628.0800000001,9440628.0,23.0,31070.786086956527,410462.0869565217,0.030062059840387345,-0.0774086294276991,daily_table_sum_divide_by_active_days
Equity Derivatives,Futures,2025,Feb-2025,2025-02-01,Q1-2025,FY 2024-25,Q4,648505.97,4000954.0,20.0,32425.2985,200047.7,0.04359440437884832,-0.5126280688106766,daily_table_sum_divide_by_active_days
Equity Derivatives,Futures,2025,Mar-2025,2025-03-01,Q1-2025,FY 2024-25,Q4,586218.3200000001,3594949.0,19.0,30853.59578947369,189207.84210526315,-0.04847149550608798,-0.05418636602538729,daily_table_sum_divide_by_active_days
Equity Derivatives,Futures,2025,Apr-2025,2025-04-01,Q2-2025,FY 2025-26,Q1,716860.11,4246508.0,19.0,37729.47947368421,223500.4210526316,0.2228551813256192,0.1812429049758426,daily_table_sum_divide_by_active_days
Equity Derivatives,Futures,2025,May-2025,2025-05-01,Q2-2025,FY 2025-26,Q1,802209.5900000001,4497562.0,21.0,38200.45666666667,214169.61904761905,0.012483002669330778,-0.04174847618213329,daily_table_sum_divide_by_active_days
Equity Derivatives,Futures,2025,Jun-2025,2025-06-01,Q2-2025,FY 2025-26,Q1,662755.5800000001,3606028.0,21.0,31559.78952380953,171715.61904761905,-0.17383737584089465,-0.1982260611415696,daily_table_sum_divide_by_active_days
Equity Derivatives,Futures,2025,Jul-2025,2025-07-01,Q3-2025,FY 2025-26,Q2,550179.33,2875836.0,23.0,23920.840434782607,125036.34782608696,-0.2420468958851547,-0.27184056686530833,daily_table_sum_divide_by_active_days
Equity Derivatives,Futures,2025,Aug-2025,2025-08-01,Q3-2025,FY 2025-26,Q2,499972.97,2666904.0,19.0,26314.366842105264,140363.36842105264,0.10006029737326028,0.12258052047620605,daily_table_sum_divide_by_active_days
Equity Derivatives,Futures,2025,Sep-2025,2025-09-01,Q3-2025,FY 2025-26,Q2,503362.14,2671885.0,22.0,22880.097272727275,121449.31818181818,-0.13050929896906582,-0.13475061514979725,daily_table_sum_divide_by_active_days
Equity Derivatives,Futures,2025,Oct-2025,2025-10-01,Q4-2025,FY 2025-26,Q3,587060.64,3020613.0,21.0,27955.268571428573,143838.7142857143,0.22181598435557448,0.18435176449799084,daily_table_sum_divide_by_active_days
Equity Derivatives,Futures,2025,Nov-2025,2025-11-01,Q4-2025,FY 2025-26,Q3,523608.6599999999,2661141.0,19.0,27558.350526315782,140060.05263157896,-0.014198327020133017,-0.02627012951902208,daily_table_sum_divide_by_active_days
Equity Derivatives,Futures,2025,Dec-2025,2025-12-01,Q4-2025,FY 2025-26,Q3,525951.4400000001,2745526.0,22.0,23906.88363636364,124796.63636363635,-0.13249947185573807,-0.1089776562350171,daily_table_sum_divide_by_active_days
Equity Derivatives,Futures,2026,Jan-2026,2026-01-01,Q1-2026,FY 2025-26,Q4,582391.59,3451231.0,20.0,29119.5795,172561.55,0.2180416294705836,0.3827419955228979,daily_table_sum_divide_by_active_days
Equity Derivatives,Futures,2026,Feb-2026,2026-02-01,Q1-2026,FY 2025-26,Q4,604938.42,3562565.0,21.0,28806.59142857143,169645.95238095237,-0.0107483719477669,-0.016895986499006366,daily_table_sum_divide_by_active_days
Equity Derivatives,Futures,2026,Mar-2026,2026-03-01,Q1-2026,FY 2025-26,Q4,786942.25,5050759.0,19.0,41418.01315789474,265829.4210526316,0.4377963897809458,0.566965891739593,daily_table_sum_divide_by_active_days
Equity Derivatives,Futures,2026,Apr-2026,2026-04-01,Q2-2026,FY 2026-27,Q1,521343.4,3302404.0,20.0,26067.17,165120.2,-0.3706320508271097,-0.37884904031255495,daily_table_sum_divide_by_active_days
Equity Derivatives,Options,2015,Apr-2015,2015-04-01,Q2-2015,FY 2015-16,Q1,27874.29,191781877.0,19.0,1467.0678947368422,10093783.0,,,daily_table_sum_divide_by_active_days
Equity Derivatives,Options,2015,May-2015,2015-05-01,Q2-2015,FY 2015-16,Q1,28277.15,177590810.0,20.0,1413.8574999999998,8879540.5,-0.03626989243492851,-0.12029607729827363,daily_table_sum_divide_by_active_days
Equity Derivatives,Options,2015,Jun-2015,2015-06-01,Q2-2015,FY 2015-16,Q1,28907.7,190507944.0,22.0,1313.9863636363636,8659452.0,-0.07063734242215791,-0.0247860235560613,daily_table_sum_divide_by_active_days
Equity Derivatives,Options,2015,Jul-2015,2015-07-01,Q3-2015,FY 2015-16,Q2,26767.4,186578685.0,23.0,1163.8,8112116.739130435,-0.1142982665518184,-0.06320668569668908,daily_table_sum_divide_by_active_days
Equity Derivatives,Options,2015,Aug-2015,2015-08-01,Q3-2015,FY 2015-16,Q2,32808.56,196602536.0,21.0,1562.3123809523809,9362025.523809524,0.34242342408694015,0.1540792403356206,daily_table_sum_divide_by_active_days
Equity Derivatives,Options,2015,Sep-2015,2015-09-01,Q3-2015,FY 2015-16,Q2,34625.66,174202738.0,20.0,1731.283,8710136.9,0.10815418293274681,-0.06963115216377469,daily_table_sum_divide_by_active_days
Equity Derivatives,Options,2015,Oct-2015,2015-10-01,Q4-2015,FY 2015-16,Q3,22286.93,133304452.0,20.0,1114.3465,6665222.6,-0.3563464205447635,-0.23477407111706827,daily_table_sum_divide_by_active_days
Equity Derivatives,Options,2015,Nov-2015,2015-11-01,Q4-2015,FY 2015-16,Q3,21393.61,54497693.0,19.0,1125.9794736842105,2868299.6315789474,0.010439278702100596,-0.5696618397142583,daily_table_sum_divide_by_active_days
Equity Derivatives,Options,2015,Dec-2015,2015-12-01,Q4-2015,FY 2015-16,Q3,22864.669999999995,58859095.0,22.0,1039.3031818181817,2675413.409090909,-0.07697857189387614,-0.06724758472386572,daily_table_sum_divide_by_active_days
Equity Derivatives,Options,2016,Jan-2016,2016-01-01,Q1-2016,FY 2015-16,Q4,32681.14,78948191.0,20.0,1634.057,3947409.55,0.5722620969382024,0.4754390990891042,daily_table_sum_divide_by_active_days
Equity Derivatives,Options,2016,Feb-2016,2016-02-01,Q1-2016,FY 2015-16,Q4,41021.56,96800669.0,21.0,1953.407619047619,4609555.666666667,0.19543419785700178,0.16774193512975288,daily_table_sum_divide_by_active_days
Equity Derivatives,Options,2016,Mar-2016,2016-03-01,Q1-2016,FY 2015-16,Q4,33589.68,83853796.0,20.0,1679.484,4192689.8,-0.14022860174015805,-0.09043515184796924,daily_table_sum_divide_by_active_days
Equity Derivatives,Options,2016,Apr-2016,2016-04-01,Q2-2016,FY 2016-17,Q1,27220.33,71045932.0,18.0,1512.2405555555554,3946996.222222222,-0.09958025467610565,-0.05860046640650063,daily_table_sum_divide_by_active_days
Equity Derivatives,Options,2016,May-2016,2016-05-01,Q2-2016,FY 2016-17,Q1,31862.27,82548799.0,22.0,1448.285,3752218.136363636,-0.04229191931177889,-0.04934843483303941,daily_table_sum_divide_by_active_days
Equity Derivatives,Options,2016,Jun-2016,2016-06-01,Q2-2016,FY 2016-17,Q1,31553.520000000004,86903821.0,22.0,1434.250909090909,3950173.6818181816,-0.009690144487508268,0.052756939564923444,daily_table_sum_divide_by_active_days
Equity Derivatives,Options,2016,Jul-2016,2016-07-01,Q3-2016,FY 2016-17,Q2,24384.76,72311766.0,20.0,1219.2379999999998,3615588.3,-0.1499130366437723,-0.08470143562502275,daily_table_sum_divide_by_active_days
Equity Derivatives,Options,2016,Aug-2016,2016-08-01,Q3-2016,FY 2016-17,Q2,27890.32,84911344.0,22.0,1267.7418181818182,3859606.5454545454,0.03978207551094903,0.0674906060113496,daily_table_sum_divide_by_active_days
Equity Derivatives,Options,2016,Sep-2016,2016-09-01,Q3-2016,FY 2016-17,Q2,29441.38,91611812.0,20.0,1472.069,4580590.6,0.16117412779774476,0.18680247482597845,daily_table_sum_divide_by_active_days
Equity Derivatives,Options,2016,Oct-2016,2016-10-01,Q4-2016,FY 2016-17,Q3,24718.93,83693445.0,19.0,1300.9963157894736,4404918.157894737,-0.11621240866462534,-0.03835148290817836,daily_table_sum_divide_by_active_days
Equity Derivatives,Options,2016,Nov-2016,2016-11-01,Q4-2016,FY 2016-17,Q3,40517.45,106583292.0,21.0,1929.4023809523808,5075394.857142857,0.4830190966233263,0.15221093223865112,daily_table_sum_divide_by_active_days
Equity Derivatives,Options,2016,Dec-2016,2016-12-01,Q4-2016,FY 2016-17,Q3,29876.98,95784703.0,22.0,1358.0445454545454,4353850.136363637,-0.2961320257186606,-0.14216523858508356,daily_table_sum_divide_by_active_days
Equity Derivatives,Options,2017,Jan-2017,2017-01-01,Q1-2017,FY 2016-17,Q4,27869.38,92850779.0,21.0,1327.1133333333337,4421465.666666667,-0.022776286849161442,0.015530054591980758,daily_table_sum_divide_by_active_days
Equity Derivatives,Options,2017,Feb-2017,2017-02-01,Q1-2017,FY 2016-17,Q4,27130.84,97659364.0,19.0,1427.9389473684212,5139966.52631579,0.07597362749859649,0.16250286982117368,daily_table_sum_divide_by_active_days
Equity Derivatives,Options,2017,Mar-2017,2017-03-01,Q1-2017,FY 2016-17,Q4,27555.370000000003,101339859.0,22.0,1252.5168181818185,4606357.227272728,-0.12284988059881119,-0.1038157148127461,daily_table_sum_divide_by_active_days
Equity Derivatives,Options,2017,Apr-2017,2017-04-01,Q2-2017,FY 2017-18,Q1,23036.84,91730573.0,18.0,1279.8244444444442,5096142.944444444,0.02180220326483595,0.10632820969069767,daily_table_sum_divide_by_active_days
Equity Derivatives,Options,2017,May-2017,2017-05-01,Q2-2017,FY 2017-18,Q1,29751.660000000003,112567163.0,22.0,1352.348181818182,5116689.227272728,0.056666941851715835,0.00403173204760332,daily_table_sum_divide_by_active_days
Equity Derivatives,Options,2017,Jun-2017,2017-06-01,Q2-2017,FY 2017-18,Q1,26821.400000000005,110051860.0,21.0,1277.209523809524,5240564.761904762,-0.05556162164364864,0.024210095460118763,daily_table_sum_divide_by_active_days
Equity Derivatives,Options,2017,Jul-2017,2017-07-01,Q3-2017,FY 2017-18,Q2,31286.77,113202652.0,21.0,1489.8461904761905,5390602.476190476,0.16648534379264301,0.028630065861676268,daily_table_sum_divide_by_active_days
Equity Derivatives,Options,2017,Aug-2017,2017-08-01,Q3-2017,FY 2017-18,Q2,39094.01,137257446.0,21.0,1861.619523809524,6536068.857142857,0.24953806353292474,0.21249320201438393,daily_table_sum_divide_by_active_days
Equity Derivatives,Options,2017,Sep-2017,2017-09-01,Q3-2017,FY 2017-18,Q2,36758.54,126337128.0,21.0,1750.4066666666668,6016053.714285715,-0.05973984249761033,-0.07956084218556714,daily_table_sum_divide_by_active_days
Equity Derivatives,Options,2017,Oct-2017,2017-10-01,Q4-2017,FY 2017-18,Q3,36178.51000000001,119056866.0,20.0,1808.9255000000005,5952843.3,0.03343156447454132,-0.010506956434849557,daily_table_sum_divide_by_active_days
Equity Derivatives,Options,2017,Nov-2017,2017-11-01,Q4-2017,FY 2017-18,Q3,38460.66,137569229.0,22.0,1748.2118181818184,6253146.7727272725,-0.033563395406931984,0.05044706497267826,daily_table_sum_divide_by_active_days
Equity Derivatives,Options,2017,Dec-2017,2017-12-01,Q4-2017,FY 2017-18,Q3,41592.42999999999,123101774.0,20.0,2079.6215,6155088.7,0.1895706677940523,-0.015681396309926154,daily_table_sum_divide_by_active_days
Equity Derivatives,Options,2018,Jan-2018,2018-01-01,Q1-2018,FY 2017-18,Q4,43967.34999999999,134189456.0,22.0,1998.5159090909087,6099520.727272728,-0.03900016945828433,-0.009027972696359687,daily_table_sum_divide_by_active_days
Equity Derivatives,Options,2018,Feb-2018,2018-02-01,Q1-2018,FY 2017-18,Q4,57494.47,143940748.0,19.0,3026.024736842105,7575828.842105263,0.5141359261025813,0.24203674040019774,daily_table_sum_divide_by_active_days
Equity Derivatives,Options,2018,Mar-2018,2018-03-01,Q1-2018,FY 2017-18,Q4,56211.06999999999,166029327.0,19.0,2958.477368421052,8738385.631578946,-0.022322146808206322,0.15345605262520934,daily_table_sum_divide_by_active_days
Equity Derivatives,Options,2018,Apr-2018,2018-04-01,Q2-2018,FY 2018-19,Q1,43569.61,137562321.0,21.0,2074.7433333333333,6550586.714285715,-0.2987124540889661,-0.25036648753368385,daily_table_sum_divide_by_active_days
Equity Derivatives,Options,2018,May-2018,2018-05-01,Q2-2018,FY 2018-19,Q1,47212.20999999999,169458594.0,22.0,2146.009545454545,7702663.363636363,0.034349411310898637,0.17587381094248644,daily_table_sum_divide_by_active_days
Equity Derivatives,Options,2018,Jun-2018,2018-06-01,Q2-2018,FY 2018-19,Q1,49946.51,161100469.0,21.0,2378.405238095238,7671450.904761905,0.10829201255554977,-0.0040521644788229505,daily_table_sum_divide_by_active_days
Equity Derivatives,Options,2018,Jul-2018,2018-07-01,Q3-2018,FY 2018-19,Q2,44331.57,153991422.0,22.0,2015.071363636364,6999610.090909091,-0.152763653829594,-0.08757675988459779,daily_table_sum_divide_by_active_days
Equity Derivatives,Options,2018,Aug-2018,2018-08-01,Q3-2018,FY 2018-19,Q2,41402.1,158399615.0,21.0,1971.528571428572,7542838.80952381,-0.021608560864671,0.07760842554933878,daily_table_sum_divide_by_active_days
Equity Derivatives,Options,2018,Sep-2018,2018-09-01,Q3-2018,FY 2018-19,Q2,64403.94,191276050.0,18.0,3577.9966666666664,10626447.222222222,0.814833788624248,0.40881271502248695,daily_table_sum_divide_by_active_days
Equity Derivatives,Options,2018,Oct-2018,2018-10-01,Q4-2018,FY 2018-19,Q3,80778.93,224404182.0,21.0,3846.615714285714,10685913.42857143,0.07507526491613503,0.005596057186907144,daily_table_sum_divide_by_active_days
Equity Derivatives,Options,2018,Nov-2018,2018-11-01,Q4-2018,FY 2018-19,Q3,49333.36999999999,282797526.0,20.0,2466.6685,14139876.3,-0.35874319578137503,0.32322579576525,daily_table_sum_divide_by_active_days
Equity Derivatives,Options,2018,Dec-2018,2018-12-01,Q4-2018,FY 2018-19,Q3,59341.95,286398558.0,20.0,2967.0975000000003,14319927.9,0.20287647083505544,0.012733605031608253,daily_table_sum_divide_by_active_days
Equity Derivatives,Options,2019,Jan-2019,2019-01-01,Q1-2019,FY 2018-19,Q4,59814.23,325734039.0,23.0,2600.6186956521738,14162349.52173913,-0.1235142439194622,-0.011004132099077801,daily_table_sum_divide_by_active_days
Equity Derivatives,Options,2019,Feb-2019,2019-02-01,Q1-2019,FY 2018-19,Q4,52565.73999999999,267042250.0,20.0,2628.287,13352112.5,0.010639123833910302,-0.057210635883221284,daily_table_sum_divide_by_active_days
Equity Derivatives,Options,2019,Mar-2019,2019-03-01,Q1-2019,FY 2018-19,Q4,61399.79,294292461.0,19.0,3231.567894736842,15489076.89473684,0.2295338731032197,0.1600469135304874,daily_table_sum_divide_by_active_days
Equity Derivatives,Options,2019,Apr-2019,2019-04-01,Q2-2019,FY 2019-20,Q1,56274.26,298812862.0,19.0,2961.8031578947366,15726992.736842103,-0.08347797280739888,0.015360233777786059,daily_table_sum_divide_by_active_days
Equity Derivatives,Options,2019,May-2019,2019-05-01,Q2-2019,FY 2019-20,Q1,78768.86,329565220.0,22.0,3580.402727272727,14980237.272727272,0.20885910926561846,-0.047482406624724915,daily_table_sum_divide_by_active_days
Equity Derivatives,Options,2019,Jun-2019,2019-06-01,Q2-2019,FY 2019-20,Q1,60463.51,324033594.0,19.0,3182.2899999999995,17054399.684210528,-0.11119216400999088,0.13845991713758998,daily_table_sum_divide_by_active_days
Equity Derivatives,Options,2019,Jul-2019,2019-07-01,Q3-2019,FY 2019-20,Q2,70706.20999999999,369853578.0,23.0,3074.1830434782605,16080590.347826088,-0.03397143457124874,-0.05710018261657268,daily_table_sum_divide_by_active_days
Equity Derivatives,Options,2019,Aug-2019,2019-08-01,Q3-2019,FY 2019-20,Q2,93467.47000000002,427692413.0,20.0,4673.373500000001,21384620.65,0.5202001422505891,0.3298405212400026,daily_table_sum_divide_by_active_days
Equity Derivatives,Options,2019,Sep-2019,2019-09-01,Q3-2019,FY 2019-20,Q2,96256.46,399919762.0,19.0,5066.129473684211,21048408.52631579,0.08404121213170956,-0.015722145797531728,daily_table_sum_divide_by_active_days
Equity Derivatives,Options,2019,Oct-2019,2019-10-01,Q4-2019,FY 2019-20,Q3,89298.08000000002,400572382.0,20.0,4464.904,20028619.1,-0.11867550499987223,-0.04844971652088548,daily_table_sum_divide_by_active_days
Equity Derivatives,Options,2019,Nov-2019,2019-11-01,Q4-2019,FY 2019-20,Q3,68632.87,347864776.0,20.0,3431.6435,17393238.8,-0.2314183014909168,-0.1315807288980797,daily_table_sum_divide_by_active_days
Equity Derivatives,Options,2019,Dec-2019,2019-12-01,Q4-2019,FY 2019-20,Q3,70883.79999999999,369741497.0,21.0,3375.419047619047,17606737.95238095,-0.01638411809995799,0.012274835919630522,daily_table_sum_divide_by_active_days
Equity Derivatives,Options,2020,Jan-2020,2020-01-01,Q1-2020,FY 2019-20,Q4,99096.52999999998,498147694.0,23.0,4308.544782608695,21658595.391304348,0.2764473749260423,0.23013106970081676,daily_table_sum_divide_by_active_days
Equity Derivatives,Options,2020,Feb-2020,2020-02-01,Q1-2020,FY 2019-20,Q4,94115.52,449362949.0,20.0,4705.776,22468147.45,0.0921961445067756,0.03737786518790953,daily_table_sum_divide_by_active_days
Equity Derivatives,Options,2020,Mar-2020,2020-03-01,Q1-2020,FY 2019-20,Q4,198544.86,360803570.0,21.0,9454.517142857145,17181122.38095238,1.0091302992019053,-0.23531201585770345,daily_table_sum_divide_by_active_days
Equity Derivatives,Options,2020,Apr-2020,2020-04-01,Q2-2020,FY 2020-21,Q1,120888.31,365482484.0,18.0,6716.017222222222,20304582.444444444,-0.2896498974253646,0.18179604301956687,daily_table_sum_divide_by_active_days
Equity Derivatives,Options,2020,May-2020,2020-05-01,Q2-2020,FY 2020-21,Q1,136755.99,458991075.0,19.0,7197.683684210526,24157425.0,0.0717190629581097,0.189752365806948,daily_table_sum_divide_by_active_days
Equity Derivatives,Options,2020,Jun-2020,2020-06-01,Q2-2020,FY 2020-21,Q1,198474.41,590416454.0,22.0,9021.56409090909,26837111.545454547,0.2533982440350344,0.11092600082395143,daily_table_sum_divide_by_active_days
Equity Derivatives,Options,2020,Jul-2020,2020-07-01,Q3-2020,FY 2020-21,Q2,179651.66999999998,658919790.0,23.0,7810.942173913043,28648686.52173913,-0.13419202089535398,0.06750260635226257,daily_table_sum_divide_by_active_days
Equity Derivatives,Options,2020,Aug-2020,2020-08-01,Q3-2020,FY 2020-21,Q2,150536.25999999998,521731380.0,21.0,7168.3933333333325,24844351.42857143,-0.08226265491065765,-0.13279265317385158,daily_table_sum_divide_by_active_days
Equity Derivatives,Options,2020,Sep-2020,2020-09-01,Q3-2020,FY 2020-21,Q2,190150.42,642069544.0,22.0,8643.20090909091,29184979.27272728,0.20573753520187865,0.17471286608689884,daily_table_sum_divide_by_active_days
Equity Derivatives,Options,2020,Oct-2020,2020-10-01,Q4-2020,FY 2020-21,Q3,212553.61,729238811.0,21.0,10121.600476190471,34725657.666666664,0.17104769201240955,0.18984691892918448,daily_table_sum_divide_by_active_days
Equity Derivatives,Options,2020,Nov-2020,2020-11-01,Q4-2020,FY 2020-21,Q3,222821.07,661486860.0,20.0,11141.0535,33074343.0,0.10072053586857499,-0.04755315745255906,daily_table_sum_divide_by_active_days
Equity Derivatives,Options,2020,Dec-2020,2020-12-01,Q4-2020,FY 2020-21,Q3,225016.73,731307849.0,22.0,10228.033181818182,33241265.863636363,-0.08195098589032157,0.00504689884955134,daily_table_sum_divide_by_active_days
Equity Derivatives,Options,2021,Jan-2021,2021-01-01,Q1-2021,FY 2020-21,Q4,254456.04000000004,738592898.0,20.0,12722.802,36929644.9,0.24391481468955667,0.11095783931617564,daily_table_sum_divide_by_active_days
Equity Derivatives,Options,2021,Feb-2021,2021-02-01,Q1-2021,FY 2020-21,Q4,349696.73,818110922.0,20.0,17484.836499999998,40905546.1,0.374291331422119,0.10766150637966199,daily_table_sum_divide_by_active_days
Equity Derivatives,Options,2021,Mar-2021,2021-03-01,Q1-2021,FY 2020-21,Q4,388424.81,907687613.0,21.0,18496.419523809524,43223219.66666666,0.05785487464006467,0.05665915230665153,daily_table_sum_divide_by_active_days
Equity Derivatives,Options,2021,Apr-2021,2021-04-01,Q2-2021,FY 2021-22,Q1,348763.97,902264117.0,19.0,18355.99842105263,47487585.10526316,-0.007591799189899162,0.09865913440698959,daily_table_sum_divide_by_active_days
Equity Derivatives,Options,2021,May-2021,2021-05-01,Q2-2021,FY 2021-22,Q1,314057.59,856255549.0,20.0,15702.8795,42812777.45,-0.14453688980544632,-0.09844273287219729,daily_table_sum_divide_by_active_days
Equity Derivatives,Options,2021,Jun-2021,2021-06-01,Q2-2021,FY 2021-22,Q1,311594.61,964513925.0,22.0,14163.391363636363,43841542.04545455,-0.09803858816872635,0.024029382271589572,daily_table_sum_divide_by_active_days
Equity Derivatives,Options,2021,Jul-2021,2021-07-01,Q3-2021,FY 2021-22,Q2,304177.9,1148363055.0,21.0,14484.661904761906,54683955.0,0.022683164849231385,0.2473091147958284,daily_table_sum_divide_by_active_days
Equity Derivatives,Options,2021,Aug-2021,2021-08-01,Q3-2021,FY 2021-22,Q2,343290.3599999999,1305170553.0,21.0,16347.159999999996,62150978.71428572,0.128584160782226,0.13654871368184174,daily_table_sum_divide_by_active_days
Equity Derivatives,Options,2021,Sep-2021,2021-09-01,Q3-2021,FY 2021-22,Q2,423196.87,1486116630.0,21.0,20152.231904761906,70767458.57142857,0.23276654200251978,0.13863787884586132,daily_table_sum_divide_by_active_days
Equity Derivatives,Options,2021,Oct-2021,2021-10-01,Q4-2021,FY 2021-22,Q3,447878.11,1376970315.0,20.0,22393.9055,68848515.75,0.11123698882744582,-0.027116175430995537,daily_table_sum_divide_by_active_days
Equity Derivatives,Options,2021,Nov-2021,2021-11-01,Q4-2021,FY 2021-22,Q3,471329.26,1496583706.0,20.0,23566.463,74829185.3,0.05236056301121739,0.08686708035532331,daily_table_sum_divide_by_active_days
Equity Derivatives,Options,2021,Dec-2021,2021-12-01,Q4-2021,FY 2021-22,Q3,590896.2699999999,1888528885.0,23.0,25691.14217391304,82109951.52173913,0.0901568968543578,0.09729848310588429,daily_table_sum_divide_by_active_days
Equity Derivatives,Options,2022,Jan-2022,2022-01-01,Q1-2022,FY 2021-22,Q4,632726.6299999999,1867137723.0,20.0,31636.3315,93356886.15,0.23141008234829474,0.1369740746379955,daily_table_sum_divide_by_active_days
Equity Derivatives,Options,2022,Feb-2022,2022-02-01,Q1-2022,FY 2021-22,Q4,789470.5099999999,2114868631.0,20.0,39473.5255,105743431.55,0.24772764819460824,0.1326795045423652,daily_table_sum_divide_by_active_days
Equity Derivatives,Options,2022,Mar-2022,2022-03-01,Q1-2022,FY 2021-22,Q4,864947.74,2216582602.0,21.0,41187.98761904762,105551552.47619048,0.043433214979685886,-0.0018145720353210937,daily_table_sum_divide_by_active_days
Equity Derivatives,Options,2022,Apr-2022,2022-04-01,Q2-2022,FY 2022-23,Q1,663565.4299999999,2108086126.0,19.0,34924.49631578947,110951901.36842103,-0.15207082611536882,0.051163140337975754,daily_table_sum_divide_by_active_days
Equity Derivatives,Options,2022,May-2022,2022-05-01,Q2-2022,FY 2022-23,Q1,833032.8200000001,2506111577.0,21.0,39668.229523809525,119338646.52380952,0.13582824975131857,0.07558901696997422,daily_table_sum_divide_by_active_days
Equity Derivatives,Options,2022,Jun-2022,2022-06-01,Q2-2022,FY 2022-23,Q1,810838.36,2858436335.0,22.0,36856.28909090909,129928924.3181818,-0.07088646170136381,0.08874139352887145,daily_table_sum_divide_by_active_days
Equity Derivatives,Options,2022,Jul-2022,2022-07-01,Q3-2022,FY 2022-23,Q2,722705.3300000001,2604267230.0,21.0,34414.53952380953,124012725.23809524,-0.06625055390348134,-0.0455341188356061,daily_table_sum_divide_by_active_days
Equity Derivatives,Options,2022,Aug-2022,2022-08-01,Q3-2022,FY 2022-23,Q2,794455.35,2821984736.0,20.0,39722.7675,141099236.8,0.15424376003979368,0.13778030866671087,daily_table_sum_divide_by_active_days
Equity Derivatives,Options,2022,Sep-2022,2022-09-01,Q3-2022,FY 2022-23,Q2,1109814.67,3426039150.0,22.0,50446.12136363636,155729052.27272728,0.26995485306093947,0.1036845825995798,daily_table_sum_divide_by_active_days
Equity Derivatives,Options,2022,Oct-2022,2022-10-01,Q4-2022,FY 2022-23,Q3,832071.7400000001,2843309190.0,19.0,43793.24947368421,149647852.10526314,-0.13188074147456286,-0.03904987591405984,daily_table_sum_divide_by_active_days
Equity Derivatives,Options,2022,Nov-2022,2022-11-01,Q4-2022,FY 2022-23,Q3,743407.1199999999,3056213400.0,21.0,35400.33904761904,145533971.42857143,-0.1916484966731814,-0.02749040910923317,daily_table_sum_divide_by_active_days
Equity Derivatives,Options,2022,Dec-2022,2022-12-01,Q4-2022,FY 2022-23,Q3,989087.88,4148035911.0,22.0,44958.54000000001,188547086.8636364,0.270003090634914,0.2955537804187247,daily_table_sum_divide_by_active_days
Equity Derivatives,Options,2023,Jan-2023,2023-01-01,Q1-2023,FY 2022-23,Q4,1111831.99,4374372516.0,21.0,52944.38047619048,208303453.1428572,0.1776267751619709,0.10478213483886534,daily_table_sum_divide_by_active_days
Equity Derivatives,Options,2023,Feb-2023,2023-02-01,Q1-2023,FY 2022-23,Q4,1065348.83,4396598058.0,20.0,53267.4415,219829902.9,0.006101894495768034,0.055334895236891946,daily_table_sum_divide_by_active_days
Equity Derivatives,Options,2023,Mar-2023,2023-03-01,Q1-2023,FY 2022-23,Q4,1279396.0400000005,5398478040.0,21.0,60923.62095238097,257070382.85714287,0.14373094026640953,0.1694058882156877,daily_table_sum_divide_by_active_days
Equity Derivatives,Options,2023,Apr-2023,2023-04-01,Q2-2023,FY 2023-24,Q1,847273.12,4339668002.0,17.0,49839.59529411765,255274588.3529412,-0.18193313997089566,-0.006985614150657016,daily_table_sum_divide_by_active_days
Equity Derivatives,Options,2023,May-2023,2023-05-01,Q2-2023,FY 2023-24,Q1,1175971.2799999998,5645293468.0,22.0,53453.23999999999,256604248.54545453,0.07250549858114197,0.00520874483078182,daily_table_sum_divide_by_active_days
Equity Derivatives,Options,2023,Jun-2023,2023-06-01,Q2-2023,FY 2023-24,Q1,1006921.57,5451104201.0,21.0,47948.6461904762,259576390.52380952,-0.10297961002034284,0.011582590682743588,daily_table_sum_divide_by_active_days
Equity Derivatives,Options,2023,Jul-2023,2023-07-01,Q3-2023,FY 2023-24,Q2,1281330.9,6775352732.0,21.0,61015.75714285715,322635844.3809524,0.2725230426834533,0.24293216239694493,daily_table_sum_divide_by_active_days
Equity Derivatives,Options,2023,Aug-2023,2023-08-01,Q3-2023,FY 2023-24,Q2,1165101.28,8599676847.0,22.0,52959.14909090909,390894402.1363636,-0.13204143370842703,0.21156532649489157,daily_table_sum_divide_by_active_days
Equity Derivatives,Options,2023,Sep-2023,2023-09-01,Q3-2023,FY 2023-24,Q2,1107392.89,8362502877.0,20.0,55369.64450000001,418125143.85,0.04551612800562732,0.06966265458090892,daily_table_sum_divide_by_active_days
Equity Derivatives,Options,2023,Oct-2023,2023-10-01,Q4-2023,FY 2023-24,Q3,979948.68,8168193610.0,20.0,48997.434,408409680.5,-0.11508490902447477,-0.02323577879230676,daily_table_sum_divide_by_active_days
Equity Derivatives,Options,2023,Nov-2023,2023-11-01,Q4-2023,FY 2023-24,Q3,885543.14,8360673599.0,21.0,42168.72095238095,398127314.2380952,-0.1393687891414691,-0.025176597795910416,daily_table_sum_divide_by_active_days
Equity Derivatives,Options,2023,Dec-2023,2023-12-01,Q4-2023,FY 2023-24,Q3,1236526.17,8944303395.0,20.0,61826.3085,447215169.75,0.4661651362349213,0.12329687955684543,daily_table_sum_divide_by_active_days
Equity Derivatives,Options,2024,Jan-2024,2024-01-01,Q1-2024,FY 2023-24,Q4,1500376.0099999998,10573692528.0,22.0,68198.90954545453,480622387.6363636,0.1030726433465543,0.0747005471774107,daily_table_sum_divide_by_active_days
Equity Derivatives,Options,2024,Feb-2024,2024-02-01,Q1-2024,FY 2023-24,Q4,1505499.28,10060312505.0,21.0,71690.4419047619,479062500.2380952,0.051196307720730694,-0.0032455570909621922,daily_table_sum_divide_by_active_days
Equity Derivatives,Options,2024,Mar-2024,2024-03-01,Q1-2024,FY 2023-24,Q4,1127679.29,8371297488.0,19.0,59351.54157894737,440594604.6315789,-0.17211360396140818,-0.0802982817218999,daily_table_sum_divide_by_active_days
Equity Derivatives,Options,2024,Apr-2024,2024-04-01,Q2-2024,FY 2024-25,Q1,1084602.25,8337735024.0,20.0,54230.1125,416886751.2,-0.08628973978940413,-0.05380876929122458,daily_table_sum_divide_by_active_days
Equity Derivatives,Options,2024,May-2024,2024-05-01,Q2-2024,FY 2024-25,Q1,1284788.0000000002,10646495090.0,22.0,58399.45454545456,483931595.0,0.07688241556671227,0.16082267811824869,daily_table_sum_divide_by_active_days
Equity Derivatives,Options,2024,Jun-2024,2024-06-01,Q2-2024,FY 2024-25,Q1,1486307.7699999998,10133779313.0,19.0,78226.7247368421,533356805.9473685,0.33951122224874886,0.10213263911270043,daily_table_sum_divide_by_active_days
Equity Derivatives,Options,2024,Jul-2024,2024-07-01,Q3-2024,FY 2024-25,Q2,1312196.46,11240001254.0,22.0,59645.29363636363,510909147.9090909,-0.23753303187609043,-0.04208750650215343,daily_table_sum_divide_by_active_days
Equity Derivatives,Options,2024,Aug-2024,2024-08-01,Q3-2024,FY 2024-25,Q2,1218678.14,11786111607.0,21.0,58032.29238095239,561243409.8571428,-0.027043227672666648,0.09851900705643302,daily_table_sum_divide_by_active_days
Equity Derivatives,Options,2024,Sep-2024,2024-09-01,Q3-2024,FY 2024-25,Q2,1136672.53,11833360241.0,21.0,54127.263333333336,563493344.8095238,-0.0672906219520768,0.004008839859614088,daily_table_sum_divide_by_active_days
Equity Derivatives,Options,2024,Oct-2024,2024-10-01,Q4-2024,FY 2024-25,Q3,1367433.34,12737058672.0,22.0,62156.060909090906,578957212.3636364,0.14833185868484833,0.0274428574827974,daily_table_sum_divide_by_active_days
Equity Derivatives,Options,2024,Nov-2024,2024-11-01,Q4-2024,FY 2024-25,Q3,1031501.64,9595744290.0,19.0,54289.56,505039173.15789473,-0.1265604800889234,-0.12767444230285285,daily_table_sum_divide_by_active_days
Equity Derivatives,Options,2024,Dec-2024,2024-12-01,Q4-2024,FY 2024-25,Q3,960115.79,6443335785.0,21.0,45719.79952380952,306825513.5714286,-0.15785282614540408,-0.3924718519299827,daily_table_sum_divide_by_active_days
Equity Derivatives,Options,2025,Jan-2025,2025-01-01,Q1-2025,FY 2024-25,Q4,1038533.0,3609053742.0,23.0,45153.608695652176,156915380.08695653,-0.012383930683302458,-0.48858431536389546,daily_table_sum_divide_by_active_days
Equity Derivatives,Options,2025,Feb-2025,2025-02-01,Q1-2025,FY 2024-25,Q4,809582.6599999998,2094518722.0,20.0,40479.13299999999,104725936.1,-0.10352385624722593,-0.3325961034414544,daily_table_sum_divide_by_active_days
Equity Derivatives,Options,2025,Mar-2025,2025-03-01,Q1-2025,FY 2024-25,Q4,844112.0300000001,2451937615.0,19.0,44426.94894736843,129049348.15789472,0.09752718634977797,0.2322577669267043,daily_table_sum_divide_by_active_days
Equity Derivatives,Options,2025,Apr-2025,2025-04-01,Q2-2025,FY 2025-26,Q1,951969.48,2426293562.0,19.0,50103.65684210527,127699661.15789472,0.1277762265750435,-0.010458689015217848,daily_table_sum_divide_by_active_days
Equity Derivatives,Options,2025,May-2025,2025-05-01,Q2-2025,FY 2025-26,Q1,1085911.4200000002,2456738838.0,21.0,51710.06761904763,116987563.71428572,0.032061747149608966,-0.08388508901651659,daily_table_sum_divide_by_active_days
Equity Derivatives,Options,2025,Jun-2025,2025-06-01,Q2-2025,FY 2025-26,Q1,880136.73,2382867572.0,21.0,41911.27285714286,113469884.3809524,-0.18949491294603027,-0.030068831435146492,daily_table_sum_divide_by_active_days
Equity Derivatives,Options,2025,Jul-2025,2025-07-01,Q3-2025,FY 2025-26,Q2,860919.24,2710507317.0,23.0,37431.27130434783,117848144.2173913,-0.10689251953920342,0.03858521457323216,daily_table_sum_divide_by_active_days
Equity Derivatives,Options,2025,Aug-2025,2025-08-01,Q3-2025,FY 2025-26,Q2,789317.47,2360035281.0,19.0,41543.0247368421,124212383.21052632,0.10984808394730283,0.05400372687579269,daily_table_sum_divide_by_active_days
Equity Derivatives,Options,2025,Sep-2025,2025-09-01,Q3-2025,FY 2025-26,Q2,933317.54,3099992966.0,22.0,42423.524545454544,140908771.1818182,0.02119488925493629,0.13441806315714366,daily_table_sum_divide_by_active_days
Equity Derivatives,Options,2025,Oct-2025,2025-10-01,Q4-2025,FY 2025-26,Q3,1041798.99,3053547719.0,21.0,49609.47571428572,145407034.23809522,0.16938600094699385,0.03192322960841665,daily_table_sum_divide_by_active_days
Equity Derivatives,Options,2025,Nov-2025,2025-11-01,Q4-2025,FY 2025-26,Q3,913277.39,2587888973.0,19.0,48067.23105263158,136204682.78947368,-0.031087703295562763,-0.06328683819761605,daily_table_sum_divide_by_active_days
Equity Derivatives,Options,2025,Dec-2025,2025-12-01,Q4-2025,FY 2025-26,Q3,946923.03,2990707367.0,22.0,43041.95590909091,135941243.95454547,-0.10454679900404928,-0.001934139337451457,daily_table_sum_divide_by_active_days
Equity Derivatives,Options,2026,Jan-2026,2026-01-01,Q1-2026,FY 2025-26,Q4,1153153.98,3556776860.0,20.0,57657.699,177838843.0,0.33956967759037404,0.30820373439766224,daily_table_sum_divide_by_active_days
Equity Derivatives,Options,2026,Feb-2026,2026-02-01,Q1-2026,FY 2025-26,Q4,1283969.1800000002,3553974028.0,21.0,61141.38952380953,169236858.47619048,0.06042021419913968,-0.04836954839955587,daily_table_sum_divide_by_active_days
Equity Derivatives,Options,2026,Mar-2026,2026-03-01,Q1-2026,FY 2025-26,Q4,1624667.92,3507526776.0,19.0,85508.83789473683,184606672.42105263,0.39854260036792577,0.09081836003842203,daily_table_sum_divide_by_active_days
Equity Derivatives,Options,2026,Apr-2026,2026-04-01,Q2-2026,FY 2026-27,Q1,1124391.4,2704917038.0,20.0,56219.56999999999,135245851.9,-0.34252913050686695,-0.2673837292753428,daily_table_sum_divide_by_active_days
Interest Rate Derivatives,NA,2009,Aug-2009,2009-08-01,Q3-2009,FY 2009-10,Q2,267.31,14559.0,1.0,267.31,14559.0,,,daily_table_sum_divide_by_active_days
Interest Rate Derivatives,NA,2009,Sep-2009,2009-09-01,Q3-2009,FY 2009-10,Q2,1473.37,79648.0,19.0,77.54578947368422,4192.0,-0.7099031481288234,-0.7120681365478398,daily_table_sum_divide_by_active_days
Interest Rate Derivatives,NA,2009,Oct-2009,2009-10-01,Q4-2009,FY 2009-10,Q3,394.09,21198.0,20.0,19.704500000000003,1059.9,-0.7458985183626652,-0.7471612595419848,daily_table_sum_divide_by_active_days
Interest Rate Derivatives,NA,2009,Nov-2009,2009-11-01,Q4-2009,FY 2009-10,Q3,336.85,18134.0,20.0,16.842499999999998,906.7,-0.14524600979471725,-0.14454193791867165,daily_table_sum_divide_by_active_days
Interest Rate Derivatives,NA,2009,Dec-2009,2009-12-01,Q4-2009,FY 2009-10,Q3,215.32,11687.0,21.0,10.253333333333334,556.5238095238095,-0.39122260155360933,-0.3862095406156286,daily_table_sum_divide_by_active_days
Interest Rate Derivatives,NA,2010,Jan-2010,2010-01-01,Q1-2010,FY 2009-10,Q4,118.82,6443.0,20.0,5.941,322.15,-0.4205786736020807,-0.4211388722512194,daily_table_sum_divide_by_active_days
Interest Rate Derivatives,NA,2010,Feb-2010,2010-02-01,Q1-2010,FY 2009-10,Q4,57.41,3124.0,19.0,3.0215789473684214,164.42105263157896,-0.4914022980359499,-0.48961337069197897,daily_table_sum_divide_by_active_days
Interest Rate Derivatives,NA,2010,Mar-2010,2010-03-01,Q1-2010,FY 2009-10,Q4,111.35,6101.0,20.0,5.5675,305.05,0.842579689949486,0.855297695262484,daily_table_sum_divide_by_active_days
Interest Rate Derivatives,NA,2010,Apr-2010,2010-04-01,Q2-2010,FY 2010-11,Q1,7.45,407.0,19.0,0.3921052631578947,21.42105263157895,-0.9295724718171721,-0.9297785522649437,daily_table_sum_divide_by_active_days
Interest Rate Derivatives,NA,2010,May-2010,2010-05-01,Q2-2010,FY 2010-11,Q1,21.61,1177.0,20.0,1.0805,58.85,1.755637583892618,1.747297297297297,daily_table_sum_divide_by_active_days
Interest Rate Derivatives,NA,2010,Jun-2010,2010-06-01,Q2-2010,FY 2010-11,Q1,17.15,917.0,22.0,0.7795454545454544,41.68181818181818,-0.2785326658533508,-0.2917278133930641,daily_table_sum_divide_by_active_days
Interest Rate Derivatives,NA,2010,Jul-2010,2010-07-01,Q3-2010,FY 2010-11,Q2,3.82,205.0,22.0,0.1736363636363636,9.318181818181818,-0.7772594752186589,-0.7764449291166848,daily_table_sum_divide_by_active_days
Interest Rate Derivatives,NA,2010,Aug-2010,2010-08-01,Q3-2010,FY 2010-11,Q2,0.5100000000000001,26.0,21.0,0.0242857142857142,1.238095238095238,-0.860134629768138,-0.8671312427409988,daily_table_sum_divide_by_active_days
Interest Rate Derivatives,NA,2010,Sep-2010,2010-09-01,Q3-2010,FY 2010-11,Q2,1.4800000000000004,79.0,20.0,0.074,3.95,2.0470588235294227,2.190384615384616,daily_table_sum_divide_by_active_days
Interest Rate Derivatives,NA,2010,Oct-2010,2010-10-01,Q4-2010,FY 2010-11,Q3,0.4700000000000001,24.0,20.0,0.0235,1.2,-0.6824324324324325,-0.6962025316455697,daily_table_sum_divide_by_active_days
Interest Rate Derivatives,NA,2010,Nov-2010,2010-11-01,Q4-2010,FY 2010-11,Q3,0.5700000000000001,29.0,20.0,0.0285,1.45,0.2127659574468086,0.20833333333333326,daily_table_sum_divide_by_active_days
Interest Rate Derivatives,NA,2010,Dec-2010,2010-12-01,Q4-2010,FY 2010-11,Q3,8.2,442.0,19.0,0.431578947368421,23.26315789473684,14.143120960295473,15.043557168784027,daily_table_sum_divide_by_active_days
Interest Rate Derivatives,NA,2011,Jan-2011,2011-01-01,Q1-2011,FY 2010-11,Q4,0.3399999999999999,17.0,16.0,0.0212499999999999,1.0625,-0.9507621951219515,-0.9543269230769231,daily_table_sum_divide_by_active_days
Interest Rate Derivatives,NA,2011,Feb-2011,2011-02-01,Q1-2011,FY 2010-11,Q4,0.2199999999999999,11.0,11.0,0.0199999999999999,1.0,-0.05882352941176505,-0.05882352941176472,daily_table_sum_divide_by_active_days
Interest Rate Derivatives,NA,2011,Mar-2011,2011-03-01,Q1-2011,FY 2010-11,Q4,0.2799999999999999,14.0,14.0,0.0199999999999999,1.0,0.0,0.0,daily_table_sum_divide_by_active_days
Interest Rate Derivatives,NA,2011,Apr-2011,2011-04-01,Q2-2011,FY 2011-12,Q1,0.1,5.0,5.0,0.02,1.0,5.10702591327572e-15,0.0,daily_table_sum_divide_by_active_days
Interest Rate Derivatives,NA,2011,Jul-2011,2011-07-01,Q3-2011,FY 2011-12,Q2,3628.76,197217.0,20.0,181.438,9860.85,9070.9,9859.85,daily_table_sum_divide_by_active_days
Interest Rate Derivatives,NA,2011,Aug-2011,2011-08-01,Q3-2011,FY 2011-12,Q2,311.06,16927.0,20.0,15.553,846.35,-0.9142792579283281,-0.914170685082929,daily_table_sum_divide_by_active_days
Interest Rate Derivatives,NA,2011,Sep-2011,2011-09-01,Q3-2011,FY 2011-12,Q2,19.3,1050.0,5.0,3.86,210.0,-0.7518163698321867,-0.7518757015419153,daily_table_sum_divide_by_active_days
Interest Rate Derivatives,NA,2011,Oct-2011,2011-10-01,Q4-2011,FY 2011-12,Q3,0.02,1.0,1.0,0.02,1.0,-0.9948186528497409,-0.9952380952380953,daily_table_sum_divide_by_active_days
Interest Rate Derivatives,NA,2012,Apr-2012,2012-04-01,Q2-2012,FY 2012-13,Q1,0.1999999999999999,11.0,2.0,0.0999999999999999,5.5,3.9999999999999947,4.5,daily_table_sum_divide_by_active_days
Interest Rate Derivatives,NA,2012,May-2012,2012-05-01,Q2-2012,FY 2012-13,Q1,0.02,1.0,1.0,0.02,1.0,-0.7999999999999998,-0.8181818181818181,daily_table_sum_divide_by_active_days
Interest Rate Derivatives,NA,2014,Jan-2014,2014-01-01,Q1-2014,FY 2013-14,Q4,8832.49,436836.0,9.0,981.3877777777776,48537.333333333336,49068.38888888888,48536.333333333336,daily_table_sum_divide_by_active_days
Interest Rate Derivatives,NA,2014,Feb-2014,2014-02-01,Q1-2014,FY 2013-14,Q4,9146.46,456591.0,18.0,508.1366666666667,25366.166666666668,-0.48222641633333285,-0.47738853940609294,daily_table_sum_divide_by_active_days
Interest Rate Derivatives,NA,2014,Mar-2014,2014-03-01,Q1-2014,FY 2013-14,Q4,12193.95,608721.0,19.0,641.7868421052632,32037.947368421053,0.2630201365221885,0.26301887823364667,daily_table_sum_divide_by_active_days
Interest Rate Derivatives,NA,2014,Apr-2014,2014-04-01,Q2-2014,FY 2014-15,Q1,17603.0,886929.0,17.0,1035.470588235294,52172.294117647056,0.6134182259621028,0.6284530815189455,daily_table_sum_divide_by_active_days
Interest Rate Derivatives,NA,2014,May-2014,2014-05-01,Q2-2014,FY 2014-15,Q1,20471.55,1017872.0,20.0,1023.5775,50893.6,-0.011485684258364826,-0.0245090644234206,daily_table_sum_divide_by_active_days
Interest Rate Derivatives,NA,2014,Jun-2014,2014-06-01,Q2-2014,FY 2014-15,Q1,25139.070000000003,1242530.0,21.0,1197.0985714285716,59168.09523809524,0.1695241165701391,0.16258419994056705,daily_table_sum_divide_by_active_days
Interest Rate Derivatives,NA,2014,Jul-2014,2014-07-01,Q3-2014,FY 2014-15,Q2,30658.300000000003,1522072.0,22.0,1393.559090909091,69185.09090909091,0.1641139035410184,0.16929724762453158,daily_table_sum_divide_by_active_days
Interest Rate Derivatives,NA,2014,Aug-2014,2014-08-01,Q3-2014,FY 2014-15,Q2,26816.55,1340784.0,18.0,1489.8083333333334,74488.0,0.06906721290265061,0.07664814805081499,daily_table_sum_divide_by_active_days
Interest Rate Derivatives,NA,2014,Sep-2014,2014-09-01,Q3-2014,FY 2014-15,Q2,17926.61,898531.0,22.0,814.8459090909091,40842.31818181818,-0.4530531942536843,-0.4516926460393865,daily_table_sum_divide_by_active_days
Interest Rate Derivatives,NA,2014,Oct-2014,2014-10-01,Q4-2014,FY 2014-15,Q3,23826.12,1186719.0,18.0,1323.6733333333332,65928.83333333333,0.6244461910720058,0.6142284833058997,daily_table_sum_divide_by_active_days
Interest Rate Derivatives,NA,2014,Nov-2014,2014-11-01,Q4-2014,FY 2014-15,Q3,36875.04,1814611.0,18.0,2048.613333333333,100811.72222222222,0.5476728900886922,0.5290991380436312,daily_table_sum_divide_by_active_days
Interest Rate Derivatives,NA,2014,Dec-2014,2014-12-01,Q4-2014,FY 2014-15,Q3,67290.31000000001,3262410.0,22.0,3058.650454545455,148291.36363636365,0.49303453452032064,0.470973418244762,daily_table_sum_divide_by_active_days
Interest Rate Derivatives,NA,2015,Jan-2015,2015-01-01,Q1-2015,FY 2014-15,Q4,55226.11000000001,2645411.0,21.0,2629.8147619047622,125971.95238095238,-0.140204217191082,-0.15051052676366483,daily_table_sum_divide_by_active_days
Interest Rate Derivatives,NA,2015,Feb-2015,2015-02-01,Q1-2015,FY 2014-15,Q4,46786.880000000005,2233395.0,18.0,2599.271111111111,124077.5,-0.011614373466946604,-0.015038683970090116,daily_table_sum_divide_by_active_days
Interest Rate Derivatives,NA,2015,Mar-2015,2015-03-01,Q1-2015,FY 2014-15,Q4,52938.79,2535772.0,21.0,2520.894761904762,120751.04761904762,-0.030153202900349063,-0.026809472958049474,daily_table_sum_divide_by_active_days
Interest Rate Derivatives,NA,2015,Apr-2015,2015-04-01,Q2-2015,FY 2015-16,Q1,43899.24,2110059.0,18.0,2438.8466666666664,117225.5,-0.032547211600416515,-0.029196828421482635,daily_table_sum_divide_by_active_days
Interest Rate Derivatives,NA,2015,May-2015,2015-05-01,Q2-2015,FY 2015-16,Q1,51663.41,2504801.0,19.0,2719.126842105263,131831.63157894736,0.11492324600368353,0.12459858630543152,daily_table_sum_divide_by_active_days
Interest Rate Derivatives,NA,2015,Jun-2015,2015-06-01,Q2-2015,FY 2015-16,Q1,62055.46000000001,3059021.0,22.0,2820.702727272728,139046.4090909091,0.03735606724724194,0.05472721095499122,daily_table_sum_divide_by_active_days
Interest Rate Derivatives,NA,2015,Jul-2015,2015-07-01,Q3-2015,FY 2015-16,Q2,51303.68,2540696.0,23.0,2230.594782608696,110465.04347826086,-0.20920600351054863,-0.20555270574417794,daily_table_sum_divide_by_active_days
Interest Rate Derivatives,NA,2015,Aug-2015,2015-08-01,Q3-2015,FY 2015-16,Q2,46129.08,2301699.0,20.0,2306.454,115084.95,0.03400851556847395,0.04182233923302903,daily_table_sum_divide_by_active_days
Interest Rate Derivatives,NA,2015,Sep-2015,2015-09-01,Q3-2015,FY 2015-16,Q2,42902.87,2130899.0,20.0,2145.1435,106544.95,-0.06993874579766168,-0.07420605387585433,daily_table_sum_divide_by_active_days
Interest Rate Derivatives,NA,2015,Oct-2015,2015-10-01,Q4-2015,FY 2015-16,Q3,43874.27,2162248.0,20.0,2193.7135000000003,108112.4,0.022641841909410765,0.014711631100300826,daily_table_sum_divide_by_active_days
Interest Rate Derivatives,NA,2015,Nov-2015,2015-11-01,Q4-2015,FY 2015-16,Q3,39214.73,1948467.0,19.0,2063.9331578947367,102550.8947368421,-0.059160114620830595,-0.05144188144151718,daily_table_sum_divide_by_active_days
Interest Rate Derivatives,NA,2015,Dec-2015,2015-12-01,Q4-2015,FY 2015-16,Q3,47291.44,2364303.0,21.0,2251.9733333333334,112585.85714285714,0.09110768666093927,0.09785348466988952,daily_table_sum_divide_by_active_days
Interest Rate Derivatives,NA,2016,Jan-2016,2016-01-01,Q1-2016,FY 2015-16,Q4,32991.64,1652848.0,20.0,1649.582,82642.4,-0.2674948785657616,-0.2659610887437017,daily_table_sum_divide_by_active_days
Interest Rate Derivatives,NA,2016,Feb-2016,2016-02-01,Q1-2016,FY 2015-16,Q4,32930.02,1669313.0,20.0,1646.5009999999995,83465.65,-0.0018677458895650645,0.009961593564562499,daily_table_sum_divide_by_active_days
Interest Rate Derivatives,NA,2016,Mar-2016,2016-03-01,Q1-2016,FY 2015-16,Q4,32168.800000000003,1612127.0,20.0,1608.44,80606.35,-0.023116293278898414,-0.03425720640766572,daily_table_sum_divide_by_active_days
Interest Rate Derivatives,NA,2016,Apr-2016,2016-04-01,Q2-2016,FY 2016-17,Q1,30288.88,1504083.0,16.0,1893.055,94005.1875,0.176950958692895,0.1662255827239416,daily_table_sum_divide_by_active_days
Interest Rate Derivatives,NA,2016,May-2016,2016-05-01,Q2-2016,FY 2016-17,Q1,23130.75,1148618.0,22.0,1051.3977272727273,52209.90909090909,-0.44460265165421653,-0.4446060852662085,daily_table_sum_divide_by_active_days
Interest Rate Derivatives,NA,2016,Jun-2016,2016-06-01,Q2-2016,FY 2016-17,Q1,20213.71,1003943.0,22.0,918.805,45633.77272727273,-0.12611091296218235,-0.12595571373598524,daily_table_sum_divide_by_active_days
Interest Rate Derivatives,NA,2016,Jul-2016,2016-07-01,Q3-2016,FY 2016-17,Q2,19301.76,942851.0,20.0,965.088,47142.55,0.05037303889290978,0.03306273364125256,daily_table_sum_divide_by_active_days
Interest Rate Derivatives,NA,2016,Aug-2016,2016-08-01,Q3-2016,FY 2016-17,Q2,22532.140000000003,1088283.0,21.0,1072.959047619048,51823.0,0.11177327623910793,0.09928291957053648,daily_table_sum_divide_by_active_days
Interest Rate Derivatives,NA,2016,Sep-2016,2016-09-01,Q3-2016,FY 2016-17,Q2,17057.47,817622.0,20.0,852.8735,40881.1,-0.2051201750033511,-0.21113984138316966,daily_table_sum_divide_by_active_days
Interest Rate Derivatives,NA,2016,Oct-2016,2016-10-01,Q4-2016,FY 2016-17,Q3,16758.159999999996,796269.0,19.0,882.0084210526314,41908.89473684211,0.03416089379331333,0.025141073426158123,daily_table_sum_divide_by_active_days
Interest Rate Derivatives,NA,2016,Nov-2016,2016-11-01,Q4-2016,FY 2016-17,Q3,32610.17,1516841.0,21.0,1552.8652380952385,72230.52380952382,0.7606013741251747,0.7235129741091924,daily_table_sum_divide_by_active_days
Interest Rate Derivatives,NA,2016,Dec-2016,2016-12-01,Q4-2016,FY 2016-17,Q3,35694.939999999995,1672790.0,21.0,1699.7590476190474,79656.66666666667,0.09459533636285822,0.10281169878715035,daily_table_sum_divide_by_active_days
Interest Rate Derivatives,NA,2017,Jan-2017,2017-01-01,Q1-2017,FY 2016-17,Q4,25514.17,1193140.0,21.0,1214.9604761904764,56816.19047619047,-0.2852160558331235,-0.28673652998882115,daily_table_sum_divide_by_active_days
Interest Rate Derivatives,NA,2017,Feb-2017,2017-02-01,Q1-2017,FY 2016-17,Q4,26179.590000000004,1257636.0,18.0,1454.4216666666669,69868.66666666667,0.19709381100776557,0.2297316324991201,daily_table_sum_divide_by_active_days
Interest Rate Derivatives,NA,2017,Mar-2017,2017-03-01,Q1-2017,FY 2016-17,Q4,38527.62,1864963.0,21.0,1834.648571428572,88807.76190476191,0.26142824565679956,0.2710670768693917,daily_table_sum_divide_by_active_days
Interest Rate Derivatives,NA,2017,Apr-2017,2017-04-01,Q2-2017,FY 2017-18,Q1,32824.36,1596049.0,18.0,1823.575555555556,88669.38888888889,-0.006035496958632147,-0.001558118489928928,daily_table_sum_divide_by_active_days
Interest Rate Derivatives,NA,2017,May-2017,2017-05-01,Q2-2017,FY 2017-18,Q1,22208.4,1082509.0,21.0,1057.5428571428572,51548.04761904762,-0.4200718177423285,-0.41864889038941966,daily_table_sum_divide_by_active_days
Interest Rate Derivatives,NA,2017,Jun-2017,2017-06-01,Q2-2017,FY 2017-18,Q1,26851.820000000003,1298346.0,21.0,1278.6580952380957,61826.0,0.2090839502170354,0.19938587115672934,daily_table_sum_divide_by_active_days
Interest Rate Derivatives,NA,2017,Jul-2017,2017-07-01,Q3-2017,FY 2017-18,Q2,22437.490000000005,1094905.0,21.0,1068.451904761905,52138.333333333336,-0.16439593293862398,-0.15669243791716536,daily_table_sum_divide_by_active_days
Interest Rate Derivatives,NA,2017,Aug-2017,2017-08-01,Q3-2017,FY 2017-18,Q2,21572.85,1057191.0,20.0,1078.6425000000002,52859.55,0.00953772012823162,0.013832752613240462,daily_table_sum_divide_by_active_days
Interest Rate Derivatives,NA,2017,Sep-2017,2017-09-01,Q3-2017,FY 2017-18,Q2,24201.000000000004,1195149.0,21.0,1152.4285714285716,56911.857142857145,0.06840641957698801,0.07666177905141347,daily_table_sum_divide_by_active_days
Interest Rate Derivatives,NA,2017,Oct-2017,2017-10-01,Q4-2017,FY 2017-18,Q3,25041.4,1250840.0,20.0,1252.07,62542.0,0.0864621296640633,0.09892741407138361,daily_table_sum_divide_by_active_days
Interest Rate Derivatives,NA,2017,Nov-2017,2017-11-01,Q4-2017,FY 2017-18,Q3,36432.65,1845819.0,22.0,1656.029545454545,83900.86363636363,0.32263335552688366,0.3415123219015004,daily_table_sum_divide_by_active_days
Interest Rate Derivatives,NA,2017,Dec-2017,2017-12-01,Q4-2017,FY 2017-18,Q3,30861.94,1588954.0,19.0,1624.3126315789475,83629.15789473684,-0.01915238406383135,-0.0032384141217473017,daily_table_sum_divide_by_active_days
Interest Rate Derivatives,NA,2018,Jan-2018,2018-01-01,Q1-2018,FY 2017-18,Q4,32065.42,1676471.0,22.0,1457.519090909091,76203.22727272728,-0.10268561447294877,-0.08879595118435246,daily_table_sum_divide_by_active_days
Interest Rate Derivatives,NA,2018,Feb-2018,2018-02-01,Q1-2018,FY 2017-18,Q4,23710.72,1271545.0,18.0,1317.2622222222224,70641.38888888889,-0.09622986728728666,-0.07298691384726874,manual_verified_from_nse_daily_table
Interest Rate Derivatives,NA,2018,Mar-2018,2018-03-01,Q1-2018,FY 2017-18,Q4,23000.09,1229015.0,19.0,1210.5310526315789,64685.0,-0.08102499850833644,-0.08431868317676527,daily_table_sum_divide_by_active_days
Interest Rate Derivatives,NA,2018,Apr-2018,2018-04-01,Q2-2018,FY 2018-19,Q1,27039.28,1435453.0,19.0,1423.12,75550.15789473684,0.17561626932764174,0.1679702851470486,daily_table_sum_divide_by_active_days
Interest Rate Derivatives,NA,2018,May-2018,2018-05-01,Q2-2018,FY 2018-19,Q1,12087.97,648029.0,22.0,549.4531818181817,29455.86363636364,-0.6139094511930253,-0.6101151280530194,daily_table_sum_divide_by_active_days
Interest Rate Derivatives,NA,2018,Jun-2018,2018-06-01,Q2-2018,FY 2018-19,Q1,8623.85,459649.0,21.0,410.6595238095238,21888.04761904762,-0.25260324737656326,-0.25692052729268666,daily_table_sum_divide_by_active_days
Interest Rate Derivatives,NA,2018,Jul-2018,2018-07-01,Q3-2018,FY 2018-19,Q2,13944.58,729014.0,22.0,633.8445454545455,33137.0,0.5434794731524151,0.5139312823480526,daily_table_sum_divide_by_active_days
Interest Rate Derivatives,NA,2018,Aug-2018,2018-08-01,Q3-2018,FY 2018-19,Q2,18422.709999999995,964141.0,20.0,921.1354999999998,48207.05,0.4532514424959371,0.45478015511361924,daily_table_sum_divide_by_active_days
Interest Rate Derivatives,NA,2018,Sep-2018,2018-09-01,Q3-2018,FY 2018-19,Q2,19345.58,1028618.0,18.0,1074.7544444444443,57145.444444444445,0.16677127788956625,0.18541674805748198,daily_table_sum_divide_by_active_days
Interest Rate Derivatives,NA,2018,Oct-2018,2018-10-01,Q4-2018,FY 2018-19,Q3,22604.79,1190063.0,21.0,1076.4185714285716,56669.66666666666,0.0015483787880379296,-0.008325734140371077,daily_table_sum_divide_by_active_days
Interest Rate Derivatives,NA,2018,Nov-2018,2018-11-01,Q4-2018,FY 2018-19,Q3,20286.94,1052294.0,19.0,1067.7336842105265,55383.89473684211,-0.0080683178909845,-0.022688891702637215,daily_table_sum_divide_by_active_days
Interest Rate Derivatives,NA,2018,Dec-2018,2018-12-01,Q4-2018,FY 2018-19,Q3,39136.42,1986662.0,20.0,1956.821,99333.1,0.8326863982443875,0.7935376425219569,daily_table_sum_divide_by_active_days
Interest Rate Derivatives,NA,2019,Jan-2019,2019-01-01,Q1-2019,FY 2018-19,Q4,28146.95,1438254.0,23.0,1223.7804347826086,62532.782608695656,-0.37460787942146545,-0.3704738641128118,daily_table_sum_divide_by_active_days
Interest Rate Derivatives,NA,2019,Feb-2019,2019-02-01,Q1-2019,FY 2018-19,Q4,23339.43,1198488.0,19.0,1228.391052631579,63078.31578947369,0.0037675204782869898,0.008723954988405946,daily_table_sum_divide_by_active_days
Interest Rate Derivatives,NA,2019,Mar-2019,2019-03-01,Q1-2019,FY 2018-19,Q4,12428.8,633485.0,19.0,654.1473684210526,33341.31578947369,-0.4674762836967312,-0.4714298349253392,daily_table_sum_divide_by_active_days
Interest Rate Derivatives,NA,2019,Apr-2019,2019-04-01,Q2-2019,FY 2019-20,Q1,24097.96,1232112.0,18.0,1338.7755555555557,68450.66666666667,1.0465962567227374,1.0530283537363418,daily_table_sum_divide_by_active_days
Interest Rate Derivatives,NA,2019,May-2019,2019-05-01,Q2-2019,FY 2019-20,Q1,22661.55,1145026.0,22.0,1030.0704545454544,52046.63636363636,-0.23058764385789599,-0.23964748777265832,daily_table_sum_divide_by_active_days
Interest Rate Derivatives,NA,2019,Jun-2019,2019-06-01,Q2-2019,FY 2019-20,Q1,36063.32,1775758.0,19.0,1898.0694736842104,93460.94736842104,0.8426598542929604,0.7957154179077706,daily_table_sum_divide_by_active_days
Interest Rate Derivatives,NA,2019,Jul-2019,2019-07-01,Q3-2019,FY 2019-20,Q2,46067.46,2193597.0,23.0,2002.9330434782607,95373.78260869563,0.05524748764359355,0.02046667933649582,daily_table_sum_divide_by_active_days
Interest Rate Derivatives,NA,2019,Aug-2019,2019-08-01,Q3-2019,FY 2019-20,Q2,32496.349999999995,1543335.0,20.0,1624.8174999999997,77166.75,-0.18878092041540828,-0.19090186118963492,daily_table_sum_divide_by_active_days
Interest Rate Derivatives,NA,2019,Sep-2019,2019-09-01,Q3-2019,FY 2019-20,Q2,28897.56,1391624.0,19.0,1520.9242105263156,73243.36842105263,-0.06394151310758533,-0.05084290292058913,daily_table_sum_divide_by_active_days
Interest Rate Derivatives,NA,2019,Oct-2019,2019-10-01,Q4-2019,FY 2019-20,Q3,25267.67,1214282.0,20.0,1263.3835,60714.1,-0.16933171866413632,-0.1710635200312728,daily_table_sum_divide_by_active_days
Interest Rate Derivatives,NA,2019,Nov-2019,2019-11-01,Q4-2019,FY 2019-20,Q3,22410.46,1077840.0,20.0,1120.523,53892.0,-0.11307769968501247,-0.11236434370269832,daily_table_sum_divide_by_active_days
Interest Rate Derivatives,NA,2019,Dec-2019,2019-12-01,Q4-2019,FY 2019-20,Q3,31363.76,1547609.0,21.0,1493.512380952381,73695.66666666667,0.3328707942205391,0.36746950691506486,daily_table_sum_divide_by_active_days
Interest Rate Derivatives,NA,2020,Jan-2020,2020-01-01,Q1-2020,FY 2019-20,Q4,26807.17000000001,1339881.0,23.0,1165.529130434783,58255.69565217391,-0.2196053107430218,-0.20950988996855657,daily_table_sum_divide_by_active_days
Interest Rate Derivatives,NA,2020,Feb-2020,2020-02-01,Q1-2020,FY 2019-20,Q4,30879.88,1536796.0,18.0,1715.5488888888888,85377.55555555556,0.4719056298909743,0.4655658060512673,daily_table_sum_divide_by_active_days
Interest Rate Derivatives,NA,2020,Mar-2020,2020-03-01,Q1-2020,FY 2019-20,Q4,33798.009999999995,1664025.0,20.0,1689.9004999999995,83201.25,-0.014950543849263864,-0.02549037087550987,daily_table_sum_divide_by_active_days
Interest Rate Derivatives,NA,2020,Apr-2020,2020-04-01,Q2-2020,FY 2020-21,Q1,9733.759999999998,478168.0,17.0,572.5741176470588,28127.529411764703,-0.6611787986055635,-0.661933812151083,daily_table_sum_divide_by_active_days
Interest Rate Derivatives,NA,2020,May-2020,2020-05-01,Q2-2020,FY 2020-21,Q1,12197.84,593534.0,18.0,677.6577777777778,32974.11111111111,0.18352848459610915,0.17230740846081072,daily_table_sum_divide_by_active_days
Interest Rate Derivatives,NA,2020,Jun-2020,2020-06-01,Q2-2020,FY 2020-21,Q1,16790.030000000002,814095.0,22.0,763.1831818181819,37004.31818181818,0.12620736726562032,0.12222337266732364,daily_table_sum_divide_by_active_days
Interest Rate Derivatives,NA,2020,Jul-2020,2020-07-01,Q3-2020,FY 2020-21,Q2,11477.78,554357.0,23.0,499.0339130434782,24102.478260869564,-0.3461151595943236,-0.3486576852343639,daily_table_sum_divide_by_active_days
Interest Rate Derivatives,NA,2020,Aug-2020,2020-08-01,Q3-2020,FY 2020-21,Q2,8836.01,434187.0,21.0,420.76238095238097,20675.571428571428,-0.15684611816006555,-0.14218068346364732,daily_table_sum_divide_by_active_days
Interest Rate Derivatives,NA,2020,Sep-2020,2020-09-01,Q3-2020,FY 2020-21,Q2,7968.18,389168.0,22.0,362.19,17689.454545454544,-0.13920536531760375,-0.14442729640789465,daily_table_sum_divide_by_active_days
Interest Rate Derivatives,NA,2020,Oct-2020,2020-10-01,Q4-2020,FY 2020-21,Q3,5969.370000000001,294052.0,20.0,298.46850000000006,14702.6,-0.17593390209558502,-0.16884944291411408,daily_table_sum_divide_by_active_days
Interest Rate Derivatives,NA,2020,Nov-2020,2020-11-01,Q4-2020,FY 2020-21,Q3,3735.21,187096.0,19.0,196.59,9847.157894736842,-0.3413375280808528,-0.33024377356815515,daily_table_sum_divide_by_active_days
Interest Rate Derivatives,NA,2020,Dec-2020,2020-12-01,Q4-2020,FY 2020-21,Q3,5464.140000000001,276020.0,22.0,248.3700000000001,12546.363636363636,0.26339081336792347,0.27411013111402216,daily_table_sum_divide_by_active_days
Interest Rate Derivatives,NA,2021,Jan-2021,2021-01-01,Q1-2021,FY 2020-21,Q4,4093.519999999999,207331.0,20.0,204.676,10366.55,-0.17592301807786803,-0.1737406709658721,daily_table_sum_divide_by_active_days
Interest Rate Derivatives,NA,2021,Feb-2021,2021-02-01,Q1-2021,FY 2020-21,Q4,6734.799999999999,346598.0,19.0,354.4631578947368,18242.0,0.7318257045024177,0.7596982602698101,daily_table_sum_divide_by_active_days
Interest Rate Derivatives,NA,2021,Mar-2021,2021-03-01,Q1-2021,FY 2020-21,Q4,4389.849999999999,226200.0,21.0,209.04047619047617,10771.42857142857,-0.410261767592349,-0.4095258978495466,daily_table_sum_divide_by_active_days
Interest Rate Derivatives,NA,2021,Apr-2021,2021-04-01,Q2-2021,FY 2021-22,Q1,2364.84,120931.0,17.0,139.10823529411766,7113.588235294118,-0.3345392345577932,-0.3395872991106256,daily_table_sum_divide_by_active_days
Interest Rate Derivatives,NA,2021,May-2021,2021-05-01,Q2-2021,FY 2021-22,Q1,2810.8899999999994,141400.0,18.0,156.16055555555553,7855.555555555556,0.12258311109607578,0.10430282098423427,daily_table_sum_divide_by_active_days
Interest Rate Derivatives,NA,2021,Jun-2021,2021-06-01,Q2-2021,FY 2021-22,Q1,1965.79,99249.0,21.0,93.60904761904762,4726.142857142857,-0.400558948538414,-0.3983693675489999,daily_table_sum_divide_by_active_days
Interest Rate Derivatives,NA,2021,Jul-2021,2021-07-01,Q3-2021,FY 2021-22,Q2,1717.37,88015.0,21.0,81.77952380952381,4191.190476190476,-0.12637158597815634,-0.11319005733055243,daily_table_sum_divide_by_active_days
Interest Rate Derivatives,NA,2021,Aug-2021,2021-08-01,Q3-2021,FY 2021-22,Q2,1569.2000000000005,80284.0,20.0,78.46000000000001,4014.2,-0.04059113644700896,-0.04222916548315636,daily_table_sum_divide_by_active_days
Interest Rate Derivatives,NA,2021,Sep-2021,2021-09-01,Q3-2021,FY 2021-22,Q2,1971.16,99389.0,21.0,93.86476190476188,4732.809523809524,0.19633905053226952,0.17901687106011765,daily_table_sum_divide_by_active_days
Interest Rate Derivatives,NA,2021,Oct-2021,2021-10-01,Q4-2021,FY 2021-22,Q3,2279.92,115936.0,19.0,119.9957894736842,6101.894736842105,0.27839017580884806,0.2892753672306212,daily_table_sum_divide_by_active_days
Interest Rate Derivatives,NA,2021,Nov-2021,2021-11-01,Q4-2021,FY 2021-22,Q3,1602.88,81760.0,19.0,84.3621052631579,4303.1578947368425,-0.296957787992561,-0.294783328733094,daily_table_sum_divide_by_active_days
Interest Rate Derivatives,NA,2021,Dec-2021,2021-12-01,Q4-2021,FY 2021-22,Q3,1757.0399999999995,89756.0,23.0,76.39304347826086,3902.434782608696,-0.09446257605874653,-0.09312303241725517,daily_table_sum_divide_by_active_days
Interest Rate Derivatives,NA,2022,Jan-2022,2022-01-01,Q1-2022,FY 2021-22,Q4,1994.74,104089.0,20.0,99.737,5204.45,0.3055769931248009,0.3336417621106109,daily_table_sum_divide_by_active_days
Interest Rate Derivatives,NA,2022,Feb-2022,2022-02-01,Q1-2022,FY 2021-22,Q4,3742.72,196888.0,19.0,196.9852631578948,10362.526315789471,0.975047005202631,0.9910896090440819,daily_table_sum_divide_by_active_days
Interest Rate Derivatives,NA,2022,Mar-2022,2022-03-01,Q1-2022,FY 2021-22,Q4,2580.5799999999995,135995.0,21.0,122.88476190476187,6475.952380952381,-0.3761728165103254,-0.3750604646393114,daily_table_sum_divide_by_active_days
Interest Rate Derivatives,NA,2022,Apr-2022,2022-04-01,Q2-2022,FY 2022-23,Q1,3564.21,191250.0,18.0,198.01166666666663,10625.0,0.611360624355765,0.64068531931321,daily_table_sum_divide_by_active_days
Interest Rate Derivatives,NA,2022,May-2022,2022-05-01,Q2-2022,FY 2022-23,Q1,1642.25,89582.0,20.0,82.1125,4479.1,-0.5853148383512755,-0.5784376470588235,daily_table_sum_divide_by_active_days
Interest Rate Derivatives,NA,2022,Jun-2022,2022-06-01,Q2-2022,FY 2022-23,Q1,1352.0200000000002,74231.0,22.0,61.45545454545456,3374.1363636363635,-0.2515700466377889,-0.2466932277385271,daily_table_sum_divide_by_active_days
Interest Rate Derivatives,NA,2022,Jul-2022,2022-07-01,Q3-2022,FY 2022-23,Q2,872.35,47544.0,21.0,41.54047619047619,2264.0,-0.32405550495519586,-0.3290134849321712,daily_table_sum_divide_by_active_days
Interest Rate Derivatives,NA,2022,Aug-2022,2022-08-01,Q3-2022,FY 2022-23,Q2,1151.41,61287.0,19.0,60.60052631578948,3225.6315789473683,0.458830804873708,0.42474893063046304,daily_table_sum_divide_by_active_days
Interest Rate Derivatives,NA,2022,Sep-2022,2022-09-01,Q3-2022,FY 2022-23,Q2,3176.7700000000004,168219.0,21.0,151.27476190476193,8010.428571428572,1.4962615195199591,1.4833674818010811,daily_table_sum_divide_by_active_days
Interest Rate Derivatives,NA,2022,Oct-2022,2022-10-01,Q4-2022,FY 2022-23,Q3,2209.31,115726.0,19.0,116.27947368421052,6090.8421052631575,-0.23133593323771617,-0.23963592572464287,daily_table_sum_divide_by_active_days
Interest Rate Derivatives,NA,2022,Nov-2022,2022-11-01,Q4-2022,FY 2022-23,Q3,2219.65,112082.0,21.0,105.69761904761906,5337.238095238095,-0.09100363375680087,-0.12372739220638562,daily_table_sum_divide_by_active_days
Interest Rate Derivatives,NA,2022,Dec-2022,2022-12-01,Q4-2022,FY 2022-23,Q3,2383.24,121071.0,21.0,113.48761904761906,5765.285714285715,0.07370080868605422,0.0802002105601256,daily_table_sum_divide_by_active_days
Interest Rate Derivatives,NA,2023,Jan-2023,2023-01-01,Q1-2023,FY 2022-23,Q4,2033.23,102871.0,21.0,96.8204761904762,4898.619047619048,-0.14686309393934316,-0.15032501589976133,daily_table_sum_divide_by_active_days
Interest Rate Derivatives,NA,2023,Feb-2023,2023-02-01,Q1-2023,FY 2022-23,Q4,2680.4100000000003,135020.0,20.0,134.02050000000003,6751.0,0.38421649296931504,0.37814350011179054,daily_table_sum_divide_by_active_days
Interest Rate Derivatives,NA,2023,Mar-2023,2023-03-01,Q1-2023,FY 2022-23,Q4,2934.9300000000003,147349.0,20.0,146.74650000000003,7367.45,0.09495562246074285,0.09131239816323511,daily_table_sum_divide_by_active_days
Interest Rate Derivatives,NA,2023,Apr-2023,2023-04-01,Q2-2023,FY 2023-24,Q1,2742.17,136423.0,17.0,161.30411764705883,8024.882352941177,0.09920248624027694,0.08923472204645799,daily_table_sum_divide_by_active_days
Interest Rate Derivatives,NA,2023,May-2023,2023-05-01,Q2-2023,FY 2023-24,Q1,2589.55,126952.0,21.0,123.31190476190474,6045.333333333333,-0.2355315750108926,-0.24667639132208896,daily_table_sum_divide_by_active_days
Interest Rate Derivatives,NA,2023,Jun-2023,2023-06-01,Q2-2023,FY 2023-24,Q1,1973.25,97109.0,21.0,93.96428571428572,4624.238095238095,-0.237995018439497,-0.23507309849391889,daily_table_sum_divide_by_active_days
Interest Rate Derivatives,NA,2023,Jul-2023,2023-07-01,Q3-2023,FY 2023-24,Q2,2607.98,128828.0,20.0,130.39899999999997,6441.4,0.38775066514633183,0.39296460678206957,daily_table_sum_divide_by_active_days
Interest Rate Derivatives,NA,2023,Aug-2023,2023-08-01,Q3-2023,FY 2023-24,Q2,2973.93,147708.0,21.0,141.6157142857143,7033.714285714285,0.08601840724019594,0.0919542779076421,daily_table_sum_divide_by_active_days
Interest Rate Derivatives,NA,2023,Sep-2023,2023-09-01,Q3-2023,FY 2023-24,Q2,3139.01,155724.0,20.0,156.95049999999998,7786.2,0.1082844922375441,0.10698269558859375,daily_table_sum_divide_by_active_days
Interest Rate Derivatives,NA,2023,Oct-2023,2023-10-01,Q4-2023,FY 2023-24,Q3,3367.1400000000003,169839.0,20.0,168.35700000000003,8491.95,0.07267577994335817,0.09064113431455656,daily_table_sum_divide_by_active_days
Interest Rate Derivatives,NA,2023,Nov-2023,2023-11-01,Q4-2023,FY 2023-24,Q3,2705.5999999999995,136026.0,20.0,135.27999999999997,6801.3,-0.19646940727145323,-0.19908854856658365,daily_table_sum_divide_by_active_days
Interest Rate Derivatives,NA,2023,Dec-2023,2023-12-01,Q4-2023,FY 2023-24,Q3,2168.86,108819.0,20.0,108.443,5440.95,-0.19838113542282654,-0.20001323276432448,daily_table_sum_divide_by_active_days
Interest Rate Derivatives,NA,2024,Jan-2024,2024-01-01,Q1-2024,FY 2023-24,Q4,1955.95,98109.0,20.0,97.7975,4905.45,-0.09816677886078395,-0.09842031262922835,daily_table_sum_divide_by_active_days
Interest Rate Derivatives,NA,2024,Feb-2024,2024-02-01,Q1-2024,FY 2023-24,Q4,1807.74,89773.0,19.0,95.14421052631576,4724.894736842105,-0.02713044273815013,-0.0368070744086465,daily_table_sum_divide_by_active_days
Interest Rate Derivatives,NA,2024,Mar-2024,2024-03-01,Q1-2024,FY 2023-24,Q4,1517.87,75367.0,18.0,84.3261111111111,4187.055555555556,-0.11370213022275799,-0.11383093407198641,daily_table_sum_divide_by_active_days
Interest Rate Derivatives,NA,2024,Apr-2024,2024-04-01,Q2-2024,FY 2024-25,Q1,1772.1300000000003,88690.0,18.0,98.45166666666668,4927.222222222223,0.16751105167109204,0.17677498109252077,daily_table_sum_divide_by_active_days
Interest Rate Derivatives,NA,2024,May-2024,2024-05-01,Q2-2024,FY 2024-25,Q1,2162.1500000000005,107394.0,19.0,113.79736842105268,5652.315789473684,0.15587041107534327,0.1471607194782536,daily_table_sum_divide_by_active_days
Interest Rate Derivatives,NA,2024,Jun-2024,2024-06-01,Q2-2024,FY 2024-25,Q1,2231.22,110642.0,18.0,123.95666666666664,6146.777777777777,0.08927533550709477,0.08747954054954432,daily_table_sum_divide_by_active_days
Interest Rate Derivatives,NA,2024,Jul-2024,2024-07-01,Q3-2024,FY 2024-25,Q2,1785.8200000000002,88299.0,21.0,85.03904761904762,4204.714285714285,-0.3139614842360423,-0.3159482190953061,daily_table_sum_divide_by_active_days
Interest Rate Derivatives,NA,2024,Aug-2024,2024-08-01,Q3-2024,FY 2024-25,Q2,1688.4499999999998,82866.0,21.0,80.40238095238094,3946.0,-0.05452397218084715,-0.06152957564638317,daily_table_sum_divide_by_active_days
Interest Rate Derivatives,NA,2024,Sep-2024,2024-09-01,Q3-2024,FY 2024-25,Q2,2306.8,112544.0,20.0,115.34,5627.2,0.4345346323551189,0.4260516979219462,daily_table_sum_divide_by_active_days
Interest Rate Derivatives,NA,2024,Oct-2024,2024-10-01,Q4-2024,FY 2024-25,Q3,2697.99,132442.0,22.0,122.6359090909091,6020.090909090909,0.06325567098065799,0.0698199653630418,daily_table_sum_divide_by_active_days
Interest Rate Derivatives,NA,2024,Nov-2024,2024-11-01,Q4-2024,FY 2024-25,Q3,2238.41,110016.0,18.0,124.3561111111111,6112.0,0.0140269031554765,0.01526706029809266,daily_table_sum_divide_by_active_days
Interest Rate Derivatives,NA,2024,Dec-2024,2024-12-01,Q4-2024,FY 2024-25,Q3,2227.88,109145.0,21.0,106.0895238095238,5197.380952380952,-0.14688934173300316,-0.14964316878583894,daily_table_sum_divide_by_active_days
Interest Rate Derivatives,NA,2025,Jan-2025,2025-01-01,Q1-2025,FY 2024-25,Q4,2263.5799999999995,110464.0,22.0,102.88999999999996,5021.090909090909,-0.030158715909295197,-0.03391901515498563,daily_table_sum_divide_by_active_days
Interest Rate Derivatives,NA,2025,Feb-2025,2025-02-01,Q1-2025,FY 2024-25,Q4,2038.67,99670.0,18.0,113.25944444444444,5537.222222222223,0.10078184900811049,0.10279266447791957,daily_table_sum_divide_by_active_days
Interest Rate Derivatives,NA,2025,Mar-2025,2025-03-01,Q1-2025,FY 2024-25,Q4,1817.0,88243.0,19.0,95.6315789473684,4644.368421052632,-0.15564146180959582,-0.16124579533513228,daily_table_sum_divide_by_active_days
Interest Rate Derivatives,NA,2025,Apr-2025,2025-04-01,Q2-2025,FY 2025-26,Q1,1135.9699999999998,54423.0,18.0,63.10944444444444,3023.5,-0.3400773558368494,-0.34899652097050193,daily_table_sum_divide_by_active_days
Interest Rate Derivatives,NA,2025,May-2025,2025-05-01,Q2-2025,FY 2025-26,Q1,1038.4,49797.0,20.0,51.92,2489.85,-0.1773022174881378,-0.1765007441706632,daily_table_sum_divide_by_active_days
Interest Rate Derivatives,NA,2025,Jun-2025,2025-06-01,Q2-2025,FY 2025-26,Q1,952.18,46039.0,21.0,45.341904761904765,2192.333333333333,-0.1266967495781055,-0.1194918033884238,daily_table_sum_divide_by_active_days
Interest Rate Derivatives,NA,2025,Jul-2025,2025-07-01,Q3-2025,FY 2025-26,Q2,864.1599999999999,42242.0,23.0,37.57217391304347,1836.608695652174,-0.17135872190771406,-0.16225846328774174,daily_table_sum_divide_by_active_days
Interest Rate Derivatives,NA,2025,Aug-2025,2025-08-01,Q3-2025,FY 2025-26,Q2,1437.6699999999998,72084.0,19.0,75.66684210526314,3793.8947368421054,1.0139064159658542,1.0657066177588281,daily_table_sum_divide_by_active_days
Interest Rate Derivatives,NA,2025,Sep-2025,2025-09-01,Q3-2025,FY 2025-26,Q2,1660.59,83462.0,18.0,92.255,4636.777777777777,0.2192262480263205,0.22216827281751517,daily_table_sum_divide_by_active_days
Interest Rate Derivatives,NA,2025,Oct-2025,2025-10-01,Q4-2025,FY 2025-26,Q3,1836.31,92977.0,19.0,96.64789473684212,4893.526315789473,0.04761687428152528,0.05537218954986134,daily_table_sum_divide_by_active_days
Interest Rate Derivatives,NA,2025,Nov-2025,2025-11-01,Q4-2025,FY 2025-26,Q3,2206.73,111737.0,17.0,129.80764705882353,6572.764705882353,0.34309854769491355,0.3431550750375332,daily_table_sum_divide_by_active_days
Interest Rate Derivatives,NA,2025,Dec-2025,2025-12-01,Q4-2025,FY 2025-26,Q3,1935.95,98743.0,21.0,92.18809523809524,4702.047619047619,-0.2898099817161053,-0.2846164697118275,daily_table_sum_divide_by_active_days
Interest Rate Derivatives,NA,2026,Jan-2026,2026-01-01,Q1-2026,FY 2025-26,Q4,2003.86,102662.0,18.0,111.32555555555555,5703.444444444444,0.2075914495036888,0.21297037089548954,daily_table_sum_divide_by_active_days
Interest Rate Derivatives,NA,2026,Feb-2026,2026-02-01,Q1-2026,FY 2025-26,Q4,2287.36,116775.0,19.0,120.3873684210526,6146.052631578948,0.0813992153039369,0.07760366414467934,daily_table_sum_divide_by_active_days
Interest Rate Derivatives,NA,2026,Mar-2026,2026-03-01,Q1-2026,FY 2025-26,Q4,2019.82,103729.0,17.0,118.8129411764706,6101.705882352941,-0.013078010303169574,-0.007215484780938808,daily_table_sum_divide_by_active_days
Interest Rate Derivatives,NA,2026,Apr-2026,2026-04-01,Q2-2026,FY 2026-27,Q1,2878.3300000000004,149167.0,19.0,151.49105263157898,7850.894736842105,0.2750383176406028,0.2866721025587422,daily_table_sum_divide_by_active_days
